;Data;Alagamento;Bairro;Tipo;Horário Inicial;Horário Final;Endereço;Sentido;Referência
0;01/01/21;1;Casa Verde;Inativo Intransitável;15:59;16:38;AV. ANTONIO MUNHOZ BONILHA; AMBOS; ALTURA DO NÚMERO 42
1;01/01/21;1;Casa Verde;Inativo Transitável;16:06;18:58;MARGINAL TIETE; A SENNA/CASTELO B -EXPRESSA; PTE DA CASA VERDE-JORN.WALTER ABRAHAO
2;01/01/21;1;Vila Maria/ Vila Guilherme;Inativo Transitável;16:53;17:57;R. JOSE BERNARDO PINTO; AMBOS; ALTURA DO NÚMERO 404
3;01/01/21;1;Vila Maria/ Vila Guilherme;Inativo Intransitável;17:31;17:57;R. CEL MARQUES RIBEIRO; AMBOS; ALTURA DO NÚMERO 445
4;01/01/21;1;Santana;Inativo Intransitável;15:35;16:56;AV. CRUZEIRO DO SUL; SANTANA/IPIRANGA; R STA EULALIA
5;01/01/21;1;Santana;Inativo Transitável;15:37;16:56;AV. ZAKI NARCHI; AMBOS; R URUPIARA
6;01/01/21;1;Santana;Inativo Intransitável;16:59;17:56;AV. PRES CASTELO BRANCO; CASTELO B/A SENNA - LOCAL; PTE CRUZEIRO DO SUL-JORN ARY SILVA
7;01/01/21;1;Santana;Inativo Transitável;17:33;22:03;AV. MORVAN DIAS DE FIGUEIREDO; A SENNA/CASTELO B - LOCAL; R MARIA PRESTES MAIA
8;01/01/21;1;Sé;Inativo Transitável;15:44;15:48;AV. RIO BRANCO; BAIRRO/CENTRO; AV DUQ DE CAXIAS
9;01/01/21;1;Sé;Inativo Transitável;15:46;18:29;AV. SANTOS DUMONT; AEROPORTO/SANTANA; R GUAPORE
10;01/01/21;1;Sé;Inativo Intransitável;16:04;00:20;TN. PAPA JOAO PAULO II; AEROPORTO/SANTANA; ALTURA DO NÚMERO 123
11;01/01/21;1;Lapa;Inativo Transitável;15:52;16:03;R. CORIOLANO; AMBOS; R JEROAQUARA
12;01/01/21;1;Lapa;Inativo Transitável;15:55;16:28;AV. POMPEIA; AMBOS; R VENANCIO AIRES
13;01/01/21;1;Pinheiros;Inativo Intransitável;15:44;16:26;TN. JORN FERNANDO VIEIRA DE MELLO; AMBOS; AV EUSEBIO MATOSO
14;01/01/21;1;Pinheiros;Inativo Transitável;16:02;18:30;R. HARMONIA; AMBOS; R MEDEIROS DE ALBUQUERQUE
15;01/01/21;1;Pinheiros;Inativo Intransitável;17:04;17:51;TN. MAX FEFFER; AMBOS; ALTURA DO NÚMERO 0
16;01/01/21;1;Mooca;Inativo Transitável;15:44;17:39;AV. RANGEL PESTANA; CENTRO/BAIRRO; R. HIPODROMO
17;01/01/21;1;Mooca;Inativo Intransitável;16:00;16:26;AV. ALCANTARA MACHADO; CENTRO/BAIRRO; R DR FOMM
18;01/01/21;1;Mooca;Inativo Transitável;16:09;16:37;AV. ALCANTARA MACHADO; BAIRRO/CENTRO - EXP; AV ALVARO RAMOS
19;01/01/21;1;Mooca;Inativo Transitável;17:55;17:59;AV. CELSO GARCIA; CENTRO/BAIRRO; R JOSE DE ALENCAR
20;01/01/21;1;Santo Amaro;Inativo Transitável;07:39;08:40;AV. STO AMARO; BAIRRO/CENTRO; ALTURA DO NÚMERO 3921
21;01/01/21;1;Vila Mariana;Inativo Transitável;15:45;16:38;AV. VINTE E TRES DE MAIO; AMBOS; VD GAL EUCLIDES DE FIGUEIREDO
22;01/01/21;1;Vila Mariana;Inativo Transitável;16:54;16:38;AV. VINTE E TRES DE MAIO; AEROPORTO/SANTANA; VD. GAL. EUCLIDES DE FIGUEIREDO
23;09/01/21;1;Penha;Inativo Transitável;15:14;16:33;AV. CD DE FRONTIN (CARRÃO); BAIRRO/CENTRO; R JOAQUIM MARRA
24;10/01/21;1;Jaçanã/ Tremembé;Inativo Intransitável;15:22;16:13;AV. SANATÓRIO; AMBOS; AV. EDU CHAVES
25;10/01/21;1;Jaçanã/ Tremembé;Inativo Transitável;15:54;16:13;AV. SANATORIO (JACANA); AMBOS; AV EDU CHAVES
26;10/01/21;1;Sé;Inativo Intransitável;13:55;14:55;a 14:55R. PRES. BATISTA PEREIRA; ÚNICA; R. PRES. COSTA PINTO
27;10/01/21;1;Sé;Inativo Intransitável;14:36;16:44;AV. DO ESTADO (BOM RETIRO); SANTANA/IPIRANGA; PC ALBERTO LION
28;10/01/21;1;Sé;Inativo Intransitável;14:36;15:50;R. PEDRA AZUL (LIBERDADE); ÚNICA; R XIMBO
29;10/01/21;1;Sé;Inativo Intransitável;14:37;16:22;AV. DO. ESTADO; SANTANA/IPIRANGA; PC. ALBERTO LION
30;10/01/21;1;Mooca;Inativo Intransitável;14:22;14:50;AV. ALCANTARA MACHADO (BELEM); CENTRO/BAIRRO; R DR FOMM
31;10/01/21;1;Ipiranga;Inativo Intransitável;13:54;15:04;AV. DO ESTADO (BOM RETIRO); IPIRANGA/SANTANA; R PRES BATISTA PEREIRA
32;10/01/21;1;Ipiranga;Inativo Intransitável;14:29;15:20;AV. PROF. ABRAÃO DE MORAIS; AMBOS; RUA RIBEIRO LACERDA
33;10/01/21;1;Ipiranga;Inativo Intransitável;14:35;16:12;AV. TERESA CRISTINA (IPIRANGA); AMBOS; R TABOR
34;10/01/21;1;Vila Mariana;Inativo Intransitável;13:02;15:04;AV. VINTE E TRES DE MAIO; AMBOS; VD. GAL. EUCLIDES DE FIGUEIREDO
35;10/01/21;1;Vila Mariana;Inativo Intransitável;13:56;14:16;AV. VINTE E TRES DE MAIO (LIBERDADE); AEROPORTO/SANTANA; VD GAL EUCLIDES DE FIGUEIREDO
36;10/01/21;1;Vila Mariana;Inativo Intransitável;13:59;14:30;AV. VINTE E TRES DE MAIO (LIBERDADE); SANTANA/AEROPORTO; CV AYRTON SENNA
37;10/01/21;1;Vila Mariana;Inativo Intransitável;14:44;15:00;AV. PROF ABRAÃO DE MORAIS (CURSINO); AMBOS; R RIBEIRO LACERDA
38;11/01/21;1;Itaquera;Inativo Transitável;16:46;19:30;AV. ITAQUERA; AMBOS; R CAMPINAS DO PIAUI
39;11/01/21;1;Campo Limpo;Inativo Transitável;16:49;17:31;AV. ELLIS MAAS; AMBOS; ALTURA DO NÚMERO 791
40;12/01/21;1;Casa Verde;Inativo Transitável;13:42;15:08;AV. NSRA DO O (FREGUESIA DO O); AMBOS; R NELSON FRANCISCO
41;12/01/21;1;Casa Verde;Inativo Transitável;14:19;14:58;R. JOAO ROMEIRO; ÚNICO; AV. ENG. CAETANO ALVARES
42;12/01/21;1;Casa Verde;Inativo Transitável;14:20;16:28;AV. ORDEM E PROGRESS; AMBOS; R SAMARITA
43;12/01/21;1;Casa Verde;Inativo Transitável;14:20;16:24;AV. ANTONIO MUNHOZ BONILHA; AMBOS; AV NSRA DO O
44;12/01/21;1;Casa Verde;Inativo Transitável;14:34;15:37;MARGINAL TIETE; A SENNA/CASTELO B - EXP; PTE DO LIMAO-ADHEMAR F. DA SILVA
45;12/01/21;1;Casa Verde;Inativo Intransitável;14:54;16:50;AV. ENG CAETANO ALVARES (CASA VERDE); AMBOS; R ZILDA
46;12/01/21;1;Jaçanã/ Tremembé;Inativo Intransitável;14:53;15:45;AV. EDU CHAVES (JACANA); AMBOS; PROX AV SANATORIO/ CORREGO PACIENCIA/
47;12/01/21;1;Vila Maria/ Vila Guilherme;Inativo Intransitável;16:17;18:29;R. CEL. MARQUES RIBEIRO; AMBOS; ALTURA DO NÚMERO 325
48;12/01/21;1;Perus;Inativo Intransitável;14:59;15:50;PC. INACIA DIAS (PERUS); AMBOS; R FIORELLI PECCICACCO
49;12/01/21;1;Santana;Inativo Transitável;14:30;15:54;AV. OLAVO FONTOURA; AMBOS; ALTURA DO NÚMERO 1400
50;12/01/21;1;Santana;Inativo Intransitável;15:51;15:29;AV. LUIS STAMATIS; CENTRO/BAIRRO; AV. EDU CHAVES
51;12/01/21;1;Sé;Inativo Transitável;14:44;15:01;VEL. PRES JOAO GOULART (BARRA FUNDA); AMBOS; R TUPI
52;12/01/21;1;Sé;Inativo Transitável;14:54;15:16;AV. RIO BRANCO (REPUBLICA); BAIRRO/CENTRO; PC PRSA ISABEL
53;12/01/21;1;Sé;Inativo Transitável;15:52;17:18;AV. MERCURIO; BAIRRO/CENTRO; PC. S. VITO
54;12/01/21;1;Sé;Inativo Transitável;16:24;16:29;AV. SANTOS DUMONT; AEROPORTO/SANTANA; AV. DO. ESTADO
55;12/01/21;1;Butantã;Inativo Transitável;15:15;15:54;AV. JULES RIMET; BAIRRO/CENTRO; R. SERGIO PAULO FREDDI
56;12/01/21;1;Butantã;Inativo Transitável;15:21;17:07;AV. PROF FRANCISCO MORATO (BUTANTA); BAIRRO/CENTRO; AV GAL FRANCISCO MORAZAN
57;12/01/21;1;Butantã;Inativo Transitável;15:59;16:18;AV. PROF FRANCISCO MORATO (BUTANTA); BAIRRO/CENTRO; ALTURA DO NÚMERO 4303
58;12/01/21;1;Lapa;Inativo Transitável;14:16;14:38;PC. MARREY JUNIOR; BAIRRO/CENTRO; R PALESTRA ITALIA
59;12/01/21;1;Lapa;Inativo Intransitável;14:26;16:38;PC. PASCOAL MARTINS; BAIRRO/CENTRO; ALTURA DO NÚMERO 0
60;12/01/21;1;Lapa;Inativo Transitável;14:53;17:45;AV. MARQ DE SAO VICENTE (BARRA FUNDA); LAPA/B FUNDA; PC JOSE VIEIRA DE C. MESQUITA
61;12/01/21;1;Pinheiros;Inativo Transitável;17:53;17:56;R. BRIG. HAROLDO VELOSO; BAIRRO/CENTRO; AV. CIDADE JARDIM
62;12/01/21;1;Itaquera;Inativo Transitável;17:20;17:36;R. VICTORIO SANTIM; ÚNICO; R. ITALINA
63;12/01/21;1;Mooca;Inativo Transitável;14:17;15:54;AV. CELSO GARCIA; CENTRO/BAIRRO; R JOSE DE ALENCAR
64;12/01/21;1;Vila Prudente;Inativo Transitável;14:40;15:35;AV. PROF LUIZ IGNACIO ANHAIA MELLO; AMBOS; AV PAES DE BARROS
65;12/01/21;1;Vila Prudente;Inativo Intransitável;14:59;15:36;AV. PROF LUIZ IGNACIO ANHAIA MELLO (SAO LUCAS); VP/SAPOPEMBA; AV SALIM FARAH MALUF
66;12/01/21;1;Ipiranga;Inativo Transitável;15:27;15:53;AV. TERESA CRISTINA (IPIRANGA); BAIRRO/CENTRO; R TABOR
67;12/01/21;1;Vila Mariana;Inativo Transitável;14:59;16:49;AV. VINTE E TRES DE MAIO (LIBERDADE); AMBOS; VD GAL EUCLIDES DE FIGUEIREDO
68;12/01/21;1;Vila Mariana;Inativo Transitável;15:23;19:16;AV. ANTONIO J. DE MOURA ANDRADE; CENTRO/BAIRRO; CV. TRIBUNAL DE JUSTICA DO E. SP
69;12/01/21;1;Vila Mariana;Inativo Intransitável;16:26;16:54;AV. VINTE E TRES DE MAIO; SANTANA/AEROPORTO; CV. AYRTON SENNA
70;13/01/21;1;Pirituba/Jaraguá;Inativo Transitável;14:18;15:40;AV. RAIMUNDO PEREIRA DE MAGALHAES; BAIRRO/CENTRO; ALTURA DO NÚMERO 12877
71;14/01/21;1;Freguesia do Ó;Inativo Intransitável;14:00;15:45;AV. MANOEL BOLIVAR; AMBOS; ALTURA DO N. 136
72;14/01/21;1;Jaçanã/ Tremembé;Inativo Intransitável;14:28;15:40;TRAV. ANTONIO CAMILO; UNICO; R MARIA LOPES
73;14/01/21;1;Jaçanã/ Tremembé;Inativo Intransitável;14:50;15:43;R. JOSÉ ALVES; ÚNICO; ALTURA DO N. 50
74;14/01/21;1;Pirituba/Jaraguá;Inativo Intransitável;13:28;13:52;AV. ELISIO CORDEIRO DE SIQUEIRA; AMBOS; R JOAQUIM OLIVEIRA FREITAS
75;14/01/21;1;Pirituba/Jaraguá;Inativo Intransitável;13:56;15:45;R. VIG. GODOI; AMBOS; R. PROF. ALDO LOCATELLI
76;14/01/21;1;Pirituba/Jaraguá;Inativo Intransitável;14:55;17:07;AV. CABO ADAO PEREIRA (PIRITUBA); AMBOS; PC YARA YAVELBER
77;14/01/21;1;Pirituba/Jaraguá;Inativo Intransitável;15:26;16:12;AV. CABO ADAO PEREIRA (PIRITUBA); AMBOS; R MANOEL BARBOSA
78;14/01/21;1;Santana;Inativo Transitável;10:51;10:47;AV. DO. ESTADO; CENTRO/BAIRRO; R. S. CAETANO
79;14/01/21;1;Sé;Inativo Transitável;06:45;06:58;R. SEN. FEIJO; UNICO; R. CRISTOVAO COLOMBO
80;14/01/21;1;Sé;Inativo Transitável;07:13;07:37;AV. MERCURIO; UNICO; PC. S. VITO
81;14/01/21;1;Pinheiros;Inativo Transitável;15:43;17:57;AV. SANTO AMARO (CAMPO BELO); BAIRRO/CENTRO; R AFONSO BRAZ
82;14/01/21;1;Pinheiros;Inativo Transitável;18:06;22:30;VD. ENG ANTONIO MOLITERNO (ITAIM BIBI); BAIRRO/CENTRO; AV SANTO AMARO
83;14/01/21;1;Santo Amaro;Inativo Transitável;16:18;19:06;R. JOAO ALFREDO; CENTRO/BAIRRO; AL. SANTO AMARO
84;15/01/21;1;Sé;Inativo Transitável;14:31;15:40;AV. VINTE E TRÊS DE MAIO (LIBERDADE); SANTANA/AEROPORTO - DIREITA; PC DA BANDEIRA
85;15/01/21;1;Butantã;Inativo Transitável;14:14;15:04;AV. PDE LEBRET (MORUMBI); AMBOS; AV JULES RIMET
86;15/01/21;1;Butantã;Inativo Transitável;14:34;14:57;AV. VITAL BRASIL; BAIRRO/CENTRO; R. CAMARGO
87;15/01/21;1;Lapa;Inativo Transitável;13:21;14:14;:14AV. POMPEIA (BARRA FUNDA); POMPEIA/MARGINAL; R PALESTRA ITÁLIA
88;15/01/21;1;Pinheiros;Inativo Transitável;14:31;16:32;AV. DAS NAÇÕES UNIDAS (ALTO DE PINHEIROS); INTERLAGOS/CASTELO - LOCAL; R OLIVIA FEDER
89;15/01/21;1;Pinheiros;Inativo Intransitável;16:00;22:30;VD. ENG ANTONIO MOLITERNO (ITAIM BIBI); BAIRRO/CENTRO; AV STO AMARO
90;15/01/21;1;Campo Limpo;Inativo Transitável;13:54;14:46;AV. ELLIS MAAS (CAPAO REDONDO); AMBOS - ÚNICA; AL JOSÉ LOPES DE ALMEIDA
91;15/01/21;1;Santo Amaro;Inativo Transitável;13:36;21:05;R. JOÃO ALFREDO; BAIRRO/CENTRO; AL. STO. AMARO
92;15/01/21;1;Santo Amaro;Inativo Transitável;14:17;14:28;AV. STO AMARO (CAMPO BELO); CENTRO/BAIRRO - ÚNICA; AV ROQUE PETRONI JÚNIOR
93;15/01/21;1;Ipiranga;Inativo Intransitável;14:51;16:30;AV. DO ESTADO (BOM RETIRO); IPIRANGA/SANTANA; R PRES BATISTA PEREIRA
94;19/01/21;1;Jaçanã/ Tremembé;Inativo Intransitável;16:33;17:40;TRAV. FOZ DO TEJO; ÚNICO; ALTURA DO N. 37
95;19/01/21;1;Vila Maria/ Vila Guilherme;Inativo Transitável;16:33;17:41;R. CEL. MARQUES RIBEIRO; CENTRO/BAIRRO; ALTURA DO NÚMERO 325
96;19/01/21;1;Butantã;Inativo Transitável;14:48;18:05;AV. PROF FRANCISCO MORATO; BAIRRO/CENTRO; PC PAULA MOREIRA
97;19/01/21;1;Butantã;Inativo Transitável;14:59;19:04;AV. MAGALHAES DE CASTRO; CASTELO/INTERLAGOS - LOCAL; R. PEDRO AVANCINE
98;19/01/21;1;Butantã;Inativo Transitável;15:00;15:27;R. ENG. OSCAR AMERICANO; CENTRO/BAIRRO; PC. PROF. AMERICO DE MOURA
99;19/01/21;1;Lapa;Inativo Transitável;14:37;16:06;R. CORIOLANO; UNICO; R JEROAQUARA
100;19/01/21;1;Pinheiros;Inativo Transitável;15:08;19:08;a 19:08AV. DAS NACOES UNIDAS (ALTO DE PINHEIROS); INTERLAGOS/CASTELO - LOCAL; R OLIVIA FEDER
101;19/01/21;1;Pinheiros;Inativo Transitável;15:23;19:07;MARGINAL PINHEIROS; INTERLAGOS/CASTELO - EXP; PTE ENG ARY TORRES
102;19/01/21;1;Cidade Ademar;Inativo Transitável;15:33;15:50;AV. INTERLAGOS (CAMPO GRANDE); CENTRO/BAIRRO; R ENG DAGOBERTO SALLES FILHO
103;19/01/21;1;Capela do Socorro;Inativo Transitável;15:12;15:34;R. PTOLOMEU (SOCORRO); UNICO; AV GUARAPIRANGA
104;19/01/21;1;Capela do Socorro;Inativo Intransitável;15:16;15:35;AV. GUARAPIRANGA; BAIRRO/CENTRO; ALTURA DO NÚMERO 752
105;19/01/21;1;Santo Amaro;Inativo Intransitável;15:32;15:50;AV. DAS NACOES UNIDAS (ALTO DE PINHEIROS); INTERLAGOS/CASTELO; R JAIME DE OLIVEIRA SOUZA
106;19/01/21;1;Santo Amaro;Inativo Transitável;15:50;16:04;AV. ROQUE PETRONI JUNIOR (ITAIM BIBI); AMBOS; ALTURA DO NÚMERO 169
107;19/01/21;1;Vila Mariana;Inativo Transitável;18:20;20:09;CV. JOAO JORGE SAAD; CENTRO/BAIRRO; AV. IBIRAPUERA
108;21/01/21;1;Casa Verde;Inativo Intransitável;16:18;17:19;AV. ANTONIO MUNHOZ BONILHA; AMBOS; ALTURA DO NÚMERO 94
109;21/01/21;1;Casa Verde;Inativo Transitável;16:20;17:06;R. NELSON FRANCISCO (LIMÃO); AMBOS; AV NSRA DO O
110;21/01/21;1;Butantã;Inativo Transitável;14:33;15:34;R. ENG. OSCAR AMERICANO; AMBOS; ALTURA DO NÚMERO 1368
111;21/01/21;1;Butantã;Inativo Transitável;14:35;15:33;AV. DOS. TAJURAS; AMBOS; ALTURA DO NÚMERO 218
112;21/01/21;1;Pinheiros;Inativo Transitável;14:40;15:06;AV. PEDROSO DE MORAIS (ALTO DE PINHEIROS); ÚNICO; R ARTUR DE AZEVEDO
113;22/01/21;1;Lapa;Inativo Intransitável;16:50;16:53;PSS. FANDI CHAQUIB KALIL; BAIRRO/CENTRO; AV. ELISIO CORDEIRO DE SIQUEIRA
114;23/01/21;1;Aricanduva/ Vila Formosa;Inativo Transitável;15:40;16:31;AV. ARICANDUVA; MARGINAL/ITAQUERA; AV ITAQUERA
115;23/01/21;1;Aricanduva/ Vila Formosa;Inativo Transitável;15:49;16:52;R. COMEN GIL PINHEIRO; AMBOS; PC GAL JOAO FRANCISCO
116;23/01/21;1;Aricanduva/ Vila Formosa;Inativo Transitável;15:51;16:27;AV. ARICANDUVA; AMBOS; R MANILHA
117;23/01/21;1;Mooca;Inativo Transitável;16:28;16:44;AV. JOSE PINHEIRO BORGES; CENTRO/BAIRRO; AV. JACU PESSEGO N TRABALHADORES
118;23/01/21;1;Mooca;Inativo Intransitável;16:33;17:09;R. PINHALZINHO; UNICO; AV CD DE FRONTIN
119;23/01/21;1;Penha;Inativo Transitável;15:30;16:25;AV. BUENOS AIRES; AMBOS; RUA MARIA LEUCADÍA
120;23/01/21;1;Penha;Inativo Transitável;15:42;16:14;AV. S MIGUEL; CENTRO/BAIRRO; AV GOV CARVALHO PINTO
121;23/01/21;1;Campo Limpo;Inativo Transitável;15:18;16:25;AV CARLOS CALDEIRA FILHO; AMBOS; RUA TÚLIO MUGNAINEAMBOS
122;24/01/21;1;Jaçanã/ Tremembé;Inativo Intransitável;16:18;17:11;AV. EDU CHAVES; AMBOS; AV SANATORIO
123;24/01/21;1;Vila Prudente;Inativo Intransitável;15:31;17:07;AV. PROF LUIZ IGNACIO ANHAIA MELLO; V PRUDENTE/SAPOPEMBA; R AMERICO VESPUCCI
124;24/01/21;1;Vila Prudente;Inativo Intransitável;15:42;16:40;AV. PROF LUIZ IGNACIO ANHAIA MELLO; AMBOS; AV FRANCISCO FALCONI
125;24/01/21;1;Vila Prudente;Inativo Intransitável;15:58;19:41;AV. PROF LUIZ IGNACIO ANHAIA MELLO; AMBOS; R MIGUEL DE ARAUJO BARRETO
126;24/01/21;1;Vila Prudente;Inativo Intransitável;16:45;19:48;AV. PROF. LUIZ IGNACIO ANHAIA MELLO; V PRUDENTE/SAPOPEMBA; AV. SALIM FARAH MALUF
127;24/01/21;1;Vila Prudente;Inativo Intransitável;16:45;19:43;AV. PROF. LUIZ IGNACIO ANHAIA MELLO; SAPOPEMBA/V PRUDENTE; AV. SALIM FARAH MALUF
128;25/01/21;1;Casa Verde;Inativo Intransitável;20:30;21:10;AV. ANTONIO MUNHOZ BONILHA; AMBOS; ALTURA DO NÚMERO 94
129;25/01/21;1;Casa Verde;Inativo Intransitável;20:38;02:35;AV. ORDEM E PROGRESSO; LIMAO/SUMARE; PC. DEL. AMOROSO NETO
130;25/01/21;1;Casa Verde;Inativo Intransitável;20:47;22:06;AV. OLAVO FONTOURA (CASA VERDE); AMBOS; PTE DA CASA VERDE-JORN.WALTER ABRAHAO
131;25/01/21;1;Santana;Inativo Intransitável;21:07;21:36;AV. OLAVO FONTOURA; AMBOS; R. PROF. MILTON RODRIGUES
132;25/01/21;1;Sé;Inativo Intransitável;20:32;02:30;PQ. ANHANGABAÚ; SANTANA/AEROPORTO; AV VINTE E TRÊS DE MAIO
133;25/01/21;1;Sé;Inativo Intransitável;21:15;21:29;R. MANOEL DUTRA; ÚNICO; PC. QUATORZE BIS
134;25/01/21;1;Sé;Inativo Transitável;21:37;22:06;AV. NOVE DE JULHO; BAIRRO/CENTRO; ALTURA DO NÚMERO 585
135;25/01/21;1;Sé;Inativo Transitável;22:39;22:55;AV. RIO BRANCO; BAIRRO/CENTRO; R. VITORIA
136;25/01/21;1;Lapa;Inativo Intransitável;20:44;20:48;AV. POMPÉIA (BARRA FUNDA); AMBOS; R PALESTRA ITÁLIA
137;25/01/21;1;Lapa;Inativo Intransitável;20:54;21:47;AV. MARQ DE SÃO VICENTE (BARRA FUNDA); AMBOS; PC PASCOAL MARTINS
138;25/01/21;1;Pinheiros;Inativo Transitável;20:46;02:30;TN. MAX FEFFER (PINHEIROS); CENTRO/BAIRRO; ALTURA DO NÚMERO 0
139;25/01/21;1;Pinheiros;Inativo Transitável;20:53;21:42;TN. MAX FEFFER (PINHEIROS); BAIRRO/CENTRO; ALTURA DO NÚMERO 0
140;25/01/21;1;Pinheiros;Inativo Transitável;21:03;22:09;R. OLIMPÍADAS (ITAIM BIBI); CENTRO/BAIRRO; R QUATA
141;25/01/21;1;Pinheiros;Inativo Transitável;21:18;21:39;R. OLIMPIADAS (ITAIM BIBI); BAIRRO/CENTRO; AL VICENTE PINZON
142;25/01/21;1;Pinheiros;Inativo Transitável;23:11;23:35;PSS. FANDI CHAQUIB KALIL; BAIRRO/CENTRO; R. INACIO LUIS DA COSTA
143;25/01/21;1;Itaim Paulista;Inativo Transitável;19:57;20:30;ES. DOM JOAO NERY (ITAIM PAULISTA); AMBOS; AV MAL TITO
144;25/01/21;1;Mooca;Inativo Transitável;20:35;21:51;MARGINAL TIETE; CASTELO B/A SENNA - LOCAL; SOB PTE LIMAO
145;25/01/21;1;Cidade Ademar;Inativo Intransitável;20:53;02:35;AV. INTERLAGOS (CAMPO GRANDE); CENTRO/BAIRRO; R ENG ALLYRIO HUGUENEY DE MATTOS
146;25/01/21;1;Santo Amaro;Inativo Intransitável;21:09;21:34;AV. ROQUE PETRONI JÚNIOR; DIADEMA/MARGINAL; R JACERU
147;25/01/21;1;Santo Amaro;Inativo Transitável;21:16;23:06;R. JOAO ALFREDO; AMBOS; AL. STO. AMARO
148;25/01/21;1;Vila Mariana;Inativo Intransitável;20:43;02:40;AV. VINTE E TRES DE MAIO; AEROPORTO/SANTANA; VD GAL EUCLIDES DE FIGUEIREDO
149;26/01/21;1;Pinheiros;Inativo Transitável;00:11;04:34;AV. CIDADE JARDIM; BAIRRO/CENTRO; R. BRIG. HAROLDO VELOSO
150;26/01/21;1;Vila Mariana;Inativo Intransitável;17:48;20:55;AV. AFFONSO D'ESCRAGNOLLE TAUNAY (SAUDE); MARGINAL/IMIGRANTES; AC ESQ A RODOVIA DOS IMIGRANTES
151;28/01/21;1;Casa Verde;Inativo Transitável;03:06;04:22;MARGINAL TIETE; A SENNA/CASTELO B - EXP; PTE DO LIMAO-ADHEMAR F. DA SILVA
152;28/01/21;1;Casa Verde;Inativo Intransitável;03:08;03:47;AV. ORDEM E PROGRESSO (BARRA FUNDA); AMBOS; R SAMARITA
153;28/01/21;1;Casa Verde;Inativo Intransitável;03:35;03:43;AV. ORDEM E PROGRESSO; AMBOS; PC. DEL. AMOROSO NETO
154;28/01/21;1;Jaçanã/ Tremembé;Inativo Intransitável;03:45;04:01;AV. SANATORIO; AMBOS; AV EDU CHAVES / R FRANCISCO ALVES BEZERRA
155;28/01/21;1;Pirituba/Jaraguá;Inativo Transitável;07:00;08:01;AV. RAIMUNDO PEREIRA DE MAGALHAES; BAIRRO/CENTRO; ALTURA DO NÚMERO 12285
156;28/01/21;1;Santana;Inativo Intransitável;04:13;04:18;TN. PAPA. JOAO PAULO II; SANTANA/AEROPORTO - EXP; PC. DA. BANDEIRA
157;28/01/21;1;Sé;Inativo Intransitável;03:15;03:47;PC. DA BANDEIRA; BAIRRO/CENTRO; PQ ANHANGABAUAEROPORTO/
158;28/01/21;1;Sé;Inativo Transitável;04:39;04:49;AV. NOVE DE JULHO; BAIRRO/CENTRO; PC. DA. BANDEIRA
159;28/01/21;1;Lapa;Inativo Transitável;03:04;04:22;AV. PRES CASTELO BRANCO; CASTELO B/A SENNA - LOCAL; PTE DO LIMAO-ADHEMAR F. DA SILVA
160;28/01/21;1;Vila Mariana;Inativo Transitável;03:26;05:35;AV. VINTE E TRES DE MAIO; AEROPORTO/SANTANA; VD. GAL. EUCLIDES DE FIGUEIREDO
161;28/01/21;1;Vila Mariana;Inativo Transitável;03:32;04:45;AV. VINTE E TRES DE MAIO; SANTANA/AEROPORTO; VD GAL EUCLIDES DE FIGUEIREDO
162;28/01/21;1;Vila Mariana;Inativo Transitável;03:34;03:50;TN TRIB DE JUSTICA; ÚNICO; CV TRIBUNAL DE JUSTICA DO E. SP
163;31/01/21;1;Itaquera;Inativo Intransitável;22:27;00:13;R. PDE. VIEGAS DE MENEZES; CENTRO/BAIRRO; R. ITAGIMIRIM
164;31/01/21;1;Itaquera;Inativo Intransitável;22:32;00:24;R. TOMAZZO FERRARA; BAIRRO/CENTRO; AV. ITAQUERA
165;31/01/21;1;Itaquera;Inativo Intransitável;22:35;23:39;R. PDE VIEGAS DE MENEZES (ITAQUERA); UNICO; AV CAMPANELLA
166;31/01/21;1;Itaquera;Inativo Intransitável;23:26;00:52;R. SALIM JORGE ID; BAIRRO/CENTRO; ALTURA DO NÚMERO 0
167;31/01/21;1;Penha;Inativo Intransitável;22:25;22:55;AV. GOV. CARVALHO PINTO; CENTRO/BAIRRO; AV. S. MIGUEL
168;01/02/21;1;Sé;Inativo Transitável;14:35;14:59;AV. DAS. NACOES UNIDAS; CASTELO/INTERLAGOS - LOCAL; R. PEDRO AVANCINE
169;01/02/21;1;Butantã;Inativo Transitável;12:50;13:30;AV. PROF FRANCISCO MORATO; AMBOS; AV GAL FRANCISCO MORAZAN
170;01/02/21;1;Butantã;Inativo Intransitável;12:57;14:11;AV. JULES RIMET; UNICO; R SERGIO PAULO FREDDI
171;01/02/21;1;Butantã;Inativo Transitável;13:01;13:38;PC. ROBERTO GOMES PEDROSA; UNICO; ALTURA DO NÚMERO 120
172;01/02/21;1;Butantã;Inativo Transitável;13:03;16:13;:03 a 16:13AV. MAGALHAES DE CASTRO; CASTELO/INTERLAGOS - LOCAL; R PEDRO AVANCINE
173;01/02/21;1;Butantã;Inativo Transitável;13:12;14:08;PC. ROBERTO GOMES PEDROSA; CENTRO/BAIRRO; AV. JULES RIMET
174;01/02/21;1;Butantã;Inativo Transitável;13:37;14:22;R. ALVARENGA; UNICO; AV. AFRANIO PEIXOTO
175;01/02/21;1;Pinheiros;Inativo Transitável;13:29;14:55;AV. DAS. NACOES UNIDAS; INTERLAGOS/CASTELO - LOCAL; R. OLIVIA FEDER
176;01/02/21;1;Pinheiros;Inativo Transitável;13:42;14:02;AV. CIDADE JARDIM; BAIRRO/CENTRO; AV. NOVE DE JULHO
177;01/02/21;1;Pinheiros;Inativo Intransitável;13:54;14:03;AV. DAS. NACOES UNIDAS; INTERLAGOS/CASTELO - EXPRESSA; ALTURA DO NÚMERO 7885
178;01/02/21;1;Itaim Paulista;Inativo Transitável;14:19;15:05;R. MANUEL BARBALHO DE LIMA; AMBOS; R DR OSCAR EGIDIO DE ARAUJO
179;01/02/21;1;São Miguel Paulista;Inativo Transitável;09:23;12:49;AV. BRAS DA ROCHA CARDOSO; AMBOS; R. BERNARDO DE CHAVES CABRAL
180;02/02/21;1;Jaçanã/ Tremembé;Inativo Transitável;15:00;16:26;AV. EDU CHAVES (JACANA); CENTRO/BAIRRO; AV SANATORIO
181;02/02/21;1;Vila Maria/ Vila Guilherme;Inativo Intransitável;14:54;15:56;R. CHICO PONTES (VILA GUILHERME); AMBOS; AV GUILHERME
182;02/02/21;1;Vila Maria/ Vila Guilherme;Inativo Intransitável;15:30;16:10;R. CHICO PONTES; UNICO; ALTURA DO NÚMERO 1500
183;02/02/21;1;Santana;Inativo Transitável;14:53;17:07;VEL. PRES. JOAO GOULART; AMBOS; LG. STA. CECILIA
184;02/02/21;1;Sé;Inativo Transitável;14:44;17:48;AV. RIO BRANCO (REPUBLICA); BAIRRO/CENTRO; AV DUQ DE CAXIAS
185;02/02/21;1;Sé;Inativo Transitável;14:46;22:33;AV. RIO BRANCO (REPUBLICA); BAIRRO/CENTRO; R GAL OSORIO
186;02/02/21;1;Sé;Inativo Transitável;14:57;15:55;AV. VINTE E TRES DE MAIO (LIBERDADE); SANTANA/AEROPORTO; PC DA BANDEIRA
187;02/02/21;1;Sé;Inativo Transitável;15:07;19:05;AV. DO ESTADO (BOM RETIRO); AMBOS; R S CAETANO
188;02/02/21;1;Sé;Inativo Intransitável;15:18;15:47;R. MANOEL DUTRA (BELA VISTA); UNICO; PC QUATORZE BIS
189;02/02/21;1;Sé;Inativo Intransitável;15:21;16:17;R. S PAULO (LIBERDADE); UNICO; R TEIXEIRA LEITE
190;02/02/21;1;Sé;Inativo Transitável;15:21;17:38;PTE. DAS BANDEIRAS SEN ROMEU TUMA; CENTRO/BAIRRO; ALTURA DO NÚMERO 0: MEIO TABULEIRO
191;02/02/21;1;Sé;Inativo Transitável;16:14;16:50;VEL. PRES. JOAO GOULART; AMBOS; R. ANA CINTRA
192;02/02/21;1;Aricanduva/ Vila Formosa;Inativo Transitável;15:18;15:45;R. BAQUIA (CARRAO); CENTRO/BAIRRO; AV ARICANDUVA
193;02/02/21;1;Itaim Paulista;Inativo Transitável;16:14;17:35;AV. BRAS DA ROCHA CARDOSO; AMBOS; ALTURA DO N. 600
194;02/02/21;1;Mooca;Inativo Intransitável;15:03;15:46;R. JOSE DE ALENCAR (BRAS); CENTRO/BAIRRO; AV CELSO GARCIA
195;02/02/21;1;Mooca;Inativo Intransitável;15:03;15:48;R. BRESSER (BRAS); AMBOS; PC CIRO PONTES
196;02/02/21;1;Mooca;Inativo Transitável;15:04;15:56;R. ORIENTE (BRAS); UNICO; R BR DE LADARIO
197;02/02/21;1;Mooca;Inativo Intransitável;15:07;16:55;AV. ALCANTARA MACHADO (BELEM); AMBOS; VD GUADALAJARA-JOAO BEHISNELIAN
198;02/02/21;1;Mooca;Inativo Transitável;15:10;16:16;:16AV. RANGEL PESTANA (BRAS); AMBOS; R HIPODROMO
199;02/02/21;1;Mooca;Inativo Intransitável;15:18;17:20;R. CARLOS SILVA; ÚNICO; AV. ARICANDUVA
200;02/02/21;1;Mooca;Inativo Intransitável;15:36;15:42;R. PINHALZINHO; AMBOS; AV. CD. DE. FRONTIN
201;02/02/21;1;Vila Prudente;Inativo Transitável;14:47;15:40;AV. PAES DE BARROS (MOOCA); CENTRO/BAIRRO; AV PROF LUIZ IGNACIO ANHAIA MELLO
202;02/02/21;1;Capela do Socorro;Inativo Intransitável;17:25;23:27;AV. JAIR RIBEIRO DA SILVA; BAIRRO/CENTRO; PTE VITORINO GOULART DA SILVA
203;02/02/21;1;M'Boi Mirim;Inativo Transitável;14:10;14:39;ES. M BOI MIRIM (JARDIM ANGELA); BAIRRO/CENTRO; R DANIEL KLEIN
204;02/02/21;1;Ipiranga;Inativo Transitável;14:56;15:55;R. PRES BATISTA PEREIRA (CAMBUCI); AMBOS; AV DO ESTADO
205;05/02/21;1;Cidade Ademar;Inativo Transitável;03:46;04:47;AV. INTERLAGOS; CENTRO/BAIRRO; R. ENG. DAGOBERTO SALLES FILHO
206;05/02/21;1;Santo Amaro;Inativo Transitável;03:49;03:55;AV. STO. AMARO; CENTRO/BAIRRO; AV. ROQUE PETRONI JUNIOR
207;05/02/21;1;Santo Amaro;Inativo Transitável;04:00;04:01;AV. STO AMARO (CAMPO BELO); CENTRO/BAIRRO - ÚNICA; AV ROQUE PETRONI JUNIOR
208;10/02/21;1;Perus;Inativo Intransitável;20:38;00:45;TV. TABULEIROS DE VALENCA; AMBOS; ALTURA DO NÚMERO 350
209;11/02/21;1;Casa Verde;Inativo Intransitável;14:53;15:10;AV. ANTONIO MUNHOZ BONILHA (LIMAO); AMBOS; AV NSRA DO O
210;11/02/21;1;Freguesia do Ó;Inativo Transitável;13:57;15:11;LG. DA MATRIZ DE NOSSA SENHORA DO O (FREGUESIA DO O); AMBOS; R. NELSON FRANCISCO
211;11/02/21;1;Perus;Inativo Transitável;00:56;04:39;TV. TABULEIROS DE VALENCA; AMBOS; ALTURA DO NÚMERO 58
212;11/02/21;1;Lapa;Inativo Transitável;14:12;14:48;PC. MARREY JUNIOR (PERDIZES); BAIRRO/CENTRO; R PALESTRA ITALIA
213;11/02/21;1;Lapa;Inativo Transitável;14:14;15:10;AV. MARQ DE SAO VICENTE (BARRA FUNDA); LAPA/B FUNDA; PC PASCOAL MARTINS
214;11/02/21;1;Lapa;Inativo Transitável;14:21;16:00;AV. POMPEIA; AMBOS; R. VENANCIO AIRES
215;11/02/21;1;Lapa;Inativo Transitável;14:24;14:29;AV. POMPEIA (BARRA FUNDA); ÚNICA; R PALESTRA ITALIA
216;11/02/21;1;Lapa;Inativo Transitável;14:26;14:48;AV. POMPEIA (BARRA FUNDA); AMBOS; R PALESTRA ITALIA
217;11/02/21;1;Lapa;Inativo Intransitável;14:44;14:35;R. VENANCIO AIRES; UNICO; R. BR. DO. BANANAL
218;11/02/21;1;Pinheiros;Inativo Intransitável;14:15;14:29;R. HARMONIA (PINHEIROS); AMBOS; R LUIS MURAT
219;11/02/21;1;Campo Limpo;Inativo Transitável;14:55;15:00;AV. ELLIS MAAS; BAIRRO/CENTRO; R. ALM. LUIS PENIDO BURNIER
220;11/02/21;1;M'Boi Mirim;Inativo Transitável;14:42;15:00;ES. M BOI MIRIM (JARDIM ANGELA); BAIRRO/CENTRO; R DANIEL KLEIN
221;11/02/21;1;Santo Amaro;Inativo Intransitável;18:06;22:30;R. JOAO ALFREDO; BAIRRO/CENTRO; PC. DOM. FRANCISCO DE SOUSA
222;12/02/21;1;Mooca;Inativo Transitável;20:44;22:30;AV. CELSO GARCIA (BELÉM); CENTRO/BAIRRO; PC MAJ GUILHERME RUDGE
223;12/02/21;1;Ipiranga;Inativo Intransitável;19:35;02:55;ES. DAS. LAGRIMAS; AMBOS; R. OLGA CAMELINI
224;13/02/21;1;Vila Maria/ Vila Guilherme;Inativo Transitável;11:16;11:31;R. MARIA CANDIDA; BAIRRO/CENTRO; ALTURA DO NÚMERO 1280: OPOSTO N° 1280
225;13/02/21;1;Pirituba/Jaraguá;Inativo Intransitável;08:40;11:36;AV. RAIMUNDO PEREIRA DE MAGALHAES; BAIRRO/CENTRO; ALTURA DO NÚMERO 12285
226;13/02/21;1;Pirituba/Jaraguá;Inativo Intransitável;08:42;11:37;AV. RAIMUNDO PEREIRA DE MAGALHAES; CENTRO/BAIRRO; R. MARIA DA CRUZ CUNHA
227;13/02/21;1;Pirituba/Jaraguá;Inativo Intransitável;10:09;11:38;AV. RAIMUNDO PEREIRA DE MAGALHAES; BAIRRO/CENTRO; ALTURA DO NÚMERO 7030
228;13/02/21;1;Sé;Inativo Intransitável;11:35;11:32;AV. MERCURIO; UNICO; PC. S. VITO
229;13/02/21;1;Pinheiros;Inativo Transitável;17:04;21:27;PC. WENDELL WILKIE; UNICO; R. ALM. PEREIRA GUIMARAES
230;13/02/21;1;Santo Amaro;Inativo Intransitável;00:40;02:22;AV. STO. AMARO; AMBOS; AV. ROQUE PETRONI JUNIOR
231;13/02/21;1;Vila Mariana;Inativo Transitável;01:24;01:31;VD. DOS. BANDEIRANTES; CENTRO/BAIRRO; ALTURA DO NÚMERO 1
232;14/02/21;1;Santo Amaro;Inativo Transitável;06:50;07:53;R. JOAO ALFREDO; CENTRO/BAIRRO; PC. DOM. FRANCISCO DE SOUSA
233;14/02/21;1;Santo Amaro;Inativo Intransitável;06:55;07:57;R. JOAO ALFREDO; BAIRRO/CENTRO; PC. DOM. FRANCISCO DE SOUSA
234;16/02/21;1;Campo Limpo;Inativo Transitável;17:54;18:21;AV. ELLIS MAAS; AMBOS; AL JOSE LOPES DE ALMEIDA
235;16/02/21;1;Campo Limpo;Inativo Transitável;18:10;19:29;AV. CARLOS CALDEIRA FILHO; ÚNICO; R JOAQUIM NUNES TEIXEIRA
236;16/02/21;1;M'Boi Mirim;Inativo Transitável;17:48;20:11;ES. M BOI MIRIM; BAIRRO/CENTRO; R DANIEL KLEIN
237;16/02/21;1;M'Boi Mirim;Inativo Transitável;19:55;20:03;ES. M BOI MIRIM; BAIRRO/CENTRO; R. DANIEL KLEIN
238;16/02/21;1;Santo Amaro;Inativo Transitável;07:52;07:58;R. JOAO ALFREDO; BAIRRO/CENTRO; AL. STO. AMARO
239;16/02/21;1;Santo Amaro;Inativo Transitável;18:29;18:45;AV. VITOR MANZINI; CENTRO/BAIRRO; R ELIAS ANTONIO ZOGBI
240;16/02/21;1;Santo Amaro;Inativo Transitável;18:30;18:45;AV. VITOR MANZINI; AMBOS; R. CRISTALINO ROLIM DE FREITAS
241;17/02/21;1;Vila Maria/ Vila Guilherme;Inativo Intransitável;16:57;17:50;R. CHICO PONTES (VILA GUILHERME); UNICO; AV GUILHERME
242;17/02/21;1;Vila Maria/ Vila Guilherme;Inativo Intransitável;18:17;21:43;R. CEL MARQUES RIBEIRO (VILA GUILHERME); UNICO - ÚNICA; R JOSE BERNARDO PINTO, 325
243;17/02/21;1;Vila Maria/ Vila Guilherme;Inativo Transitável;20:39;01:59;R. MARIA CANDIDA (VILA GUILHERME); UNICO; R MANUEL DE ALMEIDA
244;17/02/21;1;Sé;Inativo Intransitável;17:47;18:12;TN. PAPA JOAO PAULO II (REPUBLICA); SANTANA/AEROPORTO - ÚNICA; ALTURA DO NÚMERO 1: ACESSO AV 23 DE MAIO
245;17/02/21;1;Sé;Inativo Intransitável;17:54;18:04;VEL. PRES JOAO GOULART (BARRA FUNDA); LAPA/PENHA - ÚNICA; R ANA CINTRA
246;17/02/21;1;Sé;Inativo Transitável;18:21;19:13;AV. DO ESTADO (BOM RETIRO); SANTANA/IPIRANGA; R S CAETANO/SOB VD FEPASA/
247;17/02/21;1;Sé;Inativo Transitável;20:29;23:33;AV. MERCURIO; BAIRRO/CENTRO; PC. S. VITO
248;17/02/21;1;Butantã;Inativo Intransitável;17:44;18:25;AV. VITAL BRASIL; BAIRRO/CENTRO; R. CAMARGO
249;17/02/21;1;Butantã;Inativo Transitável;18:15;19:26;AV. MAGALHAES DE CASTRO; CASTELO/INTERLAGOS - LOCAL; R. PEDRO AVANCINE
250;17/02/21;1;Butantã;Inativo Intransitável;19:21;19:56;AV. JULES RIMET (MORUMBI); AMBOS; PC ALFREDO GOMES
251;17/02/21;1;Lapa;Inativo Intransitável;18:20;19:26;AV. DRA RUTH CARDOSO (ALTO DE PINHEIROS); INTERLAGOS/CASTELO - LOCAL; AV ENG ROBERTO ZUCCOLO
252;17/02/21;1;Pinheiros;Inativo Transitável;18:15;19:08;R. STA JUSTINA (ITAIM BIBI); CENTRO/BAIRRO; R PROF ATILIO INNOCENTI
253;17/02/21;1;Pinheiros;Inativo Intransitável;18:17;23:00;MARGINAL PINHEIROS; INTERLAGOS/CASTELO - EXP; PTE ENG ARY TORRES
254;17/02/21;1;Pinheiros;Inativo Transitável;18:26;18:44;R. OLIMPIADAS (ITAIM BIBI); CENTRO/BAIRRO; R GOMES DE CARVALHO
255;17/02/21;1;Pinheiros;Inativo Intransitável;19:05;20:00;AV. CIDADE JARDIM (ITAIM BIBI); BAIRRO/CENTRO; R BRIG HAROLDO VELOSO
256;17/02/21;1;Pinheiros;Inativo Intransitável;19:07;22:10;R. BRIG. HAROLDO VELOSO; BAIRRO/CENTRO; AV. CIDADE JARDIM
257;17/02/21;1;Pinheiros;Inativo Intransitável;19:07;20:00;R. BRIG. HAROLDO VELOSO; BAIRRO/CENTRO; AV. CIDADE JARDIM
258;17/02/21;1;Pinheiros;Inativo Intransitável;19:49;23:00;AV. SANTO AMARO (CAMPO BELO); BAIRRO/CENTRO; VD ENG ANTONIO MOLITERNO
259;17/02/21;1;Pinheiros;Inativo Transitável;23:33;00:16;AL. LORENA; UNICO; AV. NOVE DE JULHO
260;17/02/21;1;Itaquera;Inativo Transitável;18:17;21:40;AV. JACU PESSEGO N TRABALHADORES; A SENNA/MAUA; R. DAS. BOAS NOITES
261;17/02/21;1;Itaquera;Inativo Transitável;18:17;21:40;AV. JACU PESSEGO N TRABALHADORES; A SENNA/MAUA; R. DAS. BOAS NOITES
262;17/02/21;1;Itaquera;Inativo Intransitável;18:41;18:59;R. PDE VIEGAS DE MENEZES (ITAQUERA); AMBOS - ÚNICA; AV CAMPANELLA
263;17/02/21;1;Itaquera;Inativo Intransitável;18:44;19:15;R. PDE. VIEGAS DE MENEZES; UNICO; R. ITAGIMIRIM
264;17/02/21;1;Mooca;Inativo Intransitável;18:10;18:28;R. HIPODROMO; UNICO; AV. RANGEL PESTANA
265;17/02/21;1;Mooca;Inativo Transitável;18:12;18:57;R. ORIENTE (BRAS); AMBOS - AMBAS; R BR DE LADARIO
266;17/02/21;1;Mooca;Inativo Transitável;18:33;18:42;AV. ALCANTARA MACHADO (BELEM); BAIRRO/CENTRO - EXPRESSA; R DR FOMM
267;17/02/21;1;Mooca;Inativo Transitável;18:58;18:59;AV. CD. DE. FRONTIN; CENTRO/BAIRRO - LOCAL; AV. ANTONIO ESTEVAO DE CARVALHO
268;17/02/21;1;Mooca;Inativo Intransitável;19:30;19:58;AV. ALCANTARA MACHADO (BELEM); CENTRO/BAIRRO; VD GUADALAJARA-JOAO BEHISNELIAN
269;17/02/21;1;Mooca;Inativo Intransitável;19:35;19:41;AV. ALCANTARA MACHADO (BELEM); BAIRRO/CENTRO; R BRESSER
270;17/02/21;1;Mooca;Inativo Intransitável;19:50;20:00;AV. CD DE FRONTIN (CARRAO); CENTRO/BAIRRO; R PINHALZINHO
271;17/02/21;1;Vila Prudente;Inativo Intransitável;18:10;20:03;AV. PROF. LUIZ IGNACIO ANHAIA MELLO; SAPOPEMBA/V PRUDENTE; R. DR. SANARELI
272;17/02/21;1;Vila Prudente;Inativo Intransitável;18:17;19:57;AV. PROF LUIZ IGNACIO ANHAIA MELLO (SAO LUCAS); AMBOS; AV PAES DE BARROS
273;17/02/21;1;Vila Prudente;Inativo Intransitável;18:17;19:57;AV. PROF LUIZ IGNACIO ANHAIA MELLO (SAO LUCAS); AMBOS; AV PAES DE BARROS
274;17/02/21;1;Vila Prudente;Inativo Intransitável;20:35;22:33;R. GUAMIRANGA (VILA PRUDENTE); AMBOS; ALTURA DO NÚMERO 0: JUNTO DO METRO TAMANDATUEI
275;17/02/21;1;Vila Prudente;Inativo Transitável;21:19;22:05;AV. DR. FRANCISCO MESQUITA; S PAULO/S CAETANO; R. IBITIRAMA
276;17/02/21;1;Campo Limpo;Inativo Intransitável;17:31;17:51;ES. DO CAMPO LIMPO (CAMPO LIMPO); BAIRRO/CENTRO; R IVAR BECKMAN
277;17/02/21;1;Campo Limpo;Inativo Intransitável;17:34;17:45;R. DR LUIZ MIGLIANO (VILA ANDRADE); AMBOS; R MAL HASTINFILO DE MOURA
278;17/02/21;1;Campo Limpo;Inativo Intransitável;17:59;18:21;ES. DO. CAMPO LIMPO; AMBOS; ES. DOS. MIRANDAS
279;17/02/21;1;Campo Limpo;Inativo Intransitável;18:31;20:06;ES. DO. CAMPO LIMPO; AMBOS; R. FRANCISCO DE HOLANDA
280;17/02/21;1;Capela do Socorro;Inativo Intransitável;18:20;19:41;AV. ATLANTICA; CENTRO/BAIRRO; ALTURA DO NÚMERO 3671
281;17/02/21;1;Capela do Socorro;Inativo Intransitável;19:41;18:20;AV. ATLANTICA; CENTRO/BAIRRO; ALTURA DO NÚMERO 3671
282;17/02/21;1;M'Boi Mirim;Inativo Intransitável;17:31;18:41;AV. MARIA COELHO AGUIAR (JARDIM SAO LUIS); CENTRO/BAIRRO; PC ALCEU AMOROSO LIMA
283;17/02/21;1;M'Boi Mirim;Inativo Transitável;17:58;18:50;AV. GUARAPIRANGA (JARDIM SAO LUIS); CENTRO/BAIRRO - ÚNICA; ALTURA DO NÚMERO 586
284;17/02/21;1;M'Boi Mirim;Inativo Intransitável;18:53;22:30;AV. LUIZ GUSHIKEN; CENTRO/BAIRRO A; ALTURA DO NÚMERO 0
285;17/02/21;1;Santo Amaro;Inativo Transitável;17:39;18:41;AV. JORN ROBERTO MARINHO (CAMPO BELO); MARGINAL/AEROPORTO; AV STO AMARO
286;17/02/21;1;Santo Amaro;Inativo Intransitável;17:40;18:41;AV. STO AMARO (CAMPO BELO); BAIRRO/CENTRO; AV PROF VICENTE RAO
287;17/02/21;1;Santo Amaro;Inativo Transitável;17:47;18:45;AV. JOAO DIAS (JARDIM SAO LUIS); BAIRRO/CENTRO; R S JOSE
288;17/02/21;1;Santo Amaro;Inativo Intransitável;17:49;18:34;AV. ROQUE PETRONI JUNIOR (ITAIM BIBI); MARGINAL/DIADEMA - ÚNICA; AV STO AMARO
289;17/02/21;1;Santo Amaro;Inativo Transitável;17:54;18:42;AV. VITOR MANZINI (SANTO AMARO); AMBOS - ÚNICA; R CRISTALINO ROLIM DE FREITAS
290;17/02/21;1;Santo Amaro;Inativo Transitável;21:07;21:32;AV. DAS. NACOES UNIDAS; INTERLAGOS/CASTELO; R. JAIME DE OLIVEIRA SOUZA
291;17/02/21;1;Ipiranga;Inativo Intransitável;17:56;18:49;AV. PROF. ASCENDINO REIS; AMBOS; PC. JUCA MULATO
292;17/02/21;1;Ipiranga;Inativo Intransitável;17:57;18:41;VD. GRANDE SAO PAULO VER M O SALA (IPIRANGA); IPIRANGA/V PRUDENTE - ÚNICA; ALTURA DO NÚMERO 0
293;17/02/21;1;Ipiranga;Inativo Transitável;18:25;20:40;AV. TERESA CRISTINA (IPIRANGA); AMBOS; R TABOR
294;17/02/21;1;Ipiranga;Inativo Intransitável;20:02;20:46;R. PRES. BATISTA PEREIRA; AMBOS; AV. DO. ESTADO
295;17/02/21;1;Vila Mariana;Inativo Intransitável;17:48;18:43;AV. VINTE E TRES DE MAIO (LIBERDADE); AMBOS - ÚNICA; VD GAL EUCLIDES DE FIGUEIREDO
296;17/02/21;1;Vila Mariana;Inativo Transitável;17:54;19:00;AV. RUBEM BERTA (MOEMA); AMBOS - ÚNICA; AV JOSE MARIA WHITAKER
297;17/02/21;1;Vila Mariana;Inativo Intransitável;17:56;18:38;AV. IBIRAPUERA (MOEMA); AMBOS - ÚNICA; AV MACUCO
298;17/02/21;1;Vila Mariana;Inativo Intransitável;17:57;18:54;AV. DR RICARDO JAFET (IPIRANGA); S PAULO/SANTOS - ÚNICA; R VERGUEIRO
299;17/02/21;1;Vila Mariana;Inativo Transitável;18:20;21:39;AV. IBIRAPUERA; BAIRRO/CENTRO; AV. MACUCO
300;18/02/21;1;Santo Amaro;Inativo Transitável;06:40;06:48;R. JOAO ALFREDO; BAIRRO/CENTRO; PC. DOM. FRANCISCO DE SOUSA
301;24/02/21;1;Sé;Inativo Intransitável;14:24;14:51;TN. PAPA JOAO PAULO II; SANTANA/AEROPORTO; ALTURA DO NÚMERO 1
302;24/02/21;1;Sé;Inativo Transitável;14:36;15:26;AV. SANTOS DUMONT; AEROPORTO/SANTANA; R. GUAPORE
303;24/02/21;1;Sé;Inativo Transitável;14:51;17:30;AV. DO ESTADO; SANTANA/IPIRANGA; R MAUA
304;24/02/21;1;Mooca;Inativo Transitável;14:42;16:40;AV. ALCANTARA MACHADO; AMBOS; VD GUADALAJARA-JOAO BEHISNELIAN
305;24/02/21;1;Mooca;Inativo Transitável;14:45;15:15;:15AV. RANGEL PESTANA; UNICO; R BRIG MACHADO
306;24/02/21;1;Mooca;Inativo Intransitável;15:09;16:41;R. MELO FREIRE; BAIRRO/CENTRO; VD PIRES DO RIO
307;24/02/21;1;Cidade Ademar;Inativo Transitável;14:45;15:40;AV. INTERLAGOS; CENTRO/BAIRRO; R. ENG. DAGOBERTO SALLES FILHO
308;24/02/21;1;Santo Amaro;Inativo Transitável;13:51;16:25;R. JOAO ALFREDO; BAIRRO/CENTRO; AL. STO. AMARO
309;24/02/21;1;Santo Amaro;Inativo Transitável;13:55;14:35;AV. SANTO AMARO; BAIRRO/CENTRO; AV. ROQUE PETRONI JUNIOR
310;24/02/21;1;Santo Amaro;Inativo Transitável;14:27;21:45;AV. JORN ROBERTO MARINHO; MARGINAL/AEROPORTO; AV DR LINO DE MORAES LEME
311;24/02/21;1;Santo Amaro;Inativo Transitável;14:29;20:44;VD. WASHINGTON LUIS; BAIRRO/CENTRO; ALTURA DO NÚMERO 0
312;24/02/21;1;Ipiranga;Inativo Transitável;14:28;14:58;PC. LEONOR KAUPA; UNICO; ALTURA DO NÚMERO 100
313;24/02/21;1;Ipiranga;Inativo Transitável;14:28;15:03;R. PRES BATISTA PEREIRA; UNICO; AV DO ESTADO
314;24/02/21;1;Vila Mariana;Inativo Transitável;14:13;14:38;AV. PROF ASCENDINO REIS; CENTRO/BAIRRO; R DR HABERBECK BRANDAO
315;24/02/21;1;Vila Mariana;Inativo Intransitável;14:14;15:37;AV. PROF ABRAAO DE MORAIS; AMBOS; PC LEONOR KAUPA
316;24/02/21;1;Vila Mariana;Inativo Transitável;14:23;14:30;AV. VINTE E TRES DE MAIO; AMBOS; VD GAL EUCLIDES DE FIGUEIREDO
317;24/02/21;1;Vila Mariana;Inativo Transitável;14:24;15:03;AV. VINTE E TRES DE MAIO; SANTANA/AEROPORTO; CV. AYRTON SENNA
318;24/02/21;1;Vila Mariana;Inativo Transitável;14:31;14:36;AV. PROF. ABRAAO DE MORAIS; S PAULO/SANTOS; R. RIBEIRO LACERDA
319;25/02/21;1;Santana;Inativo Transitável;16:22;16:29;R. DARZAN; AMBOS; AV. CRUZEIRO DO SUL
320;25/02/21;1;Santana;Inativo Transitável;16:24;16:29;R. DR. ZUQUIM; AMBOS; R. DARZAN
321;25/02/21;1;Sé;Inativo Transitável;05:43;12:10;AV. MERCURIO; ESQUERDA; PC. S. VITO
322;25/02/21;1;Sé;Inativo Transitável;16:09;16:46;VEL. PRES JOÃO GOULART (BARRA FUNDA); AMBOS; R TUPI
323;25/02/21;1;Sé;Inativo Transitável;16:10;16:57;AV. VINTE E TRÊS DE MAIO (LIBERDADE); SANTANA/AEROPORTO; PC DA BANDEIRA
324;25/02/21;1;Sé;Inativo Transitável;16:10;16:57;AV. VINTE E TRÊS DE MAIO (LIBERDADE); SANTANA/AEROPORTO - ÚNICA; PC DA BANDEIRA
325;25/02/21;1;Sé;Inativo Transitável;18:04;18:21;AV. S. JOAO; ANOS; AL. GLETE
326;25/02/21;1;Itaquera;Inativo Transitável;16:24;17:31;R. PDE VIEGAS DE MENEZES (ITAQUERA); ÚNICA; R CUNHA PORÃ
327;25/02/21;1;Mooca;Inativo Transitável;16:04;19:19;:19R. DA MOÓCA (AGUA RASA); AMBOS; ALTURA DO NÚMERO 3683
328;25/02/21;1;Mooca;Inativo Transitável;16:30;17:19;R. ASDRUBAL; AMBOS; R. JOÃO JOSÉ RODRIGUES
329;25/02/21;1;Cidade Ademar;Inativo Intransitável;15:50;18:42;AV. INTERLAGOS; CENTRO/BAIRRO; R. ENG. DAGOBERTO SALLES FILHO
330;25/02/21;1;Parelheiros;Inativo Transitável;16:15;17:15;a 17:15ES. ECOTURISTICA DE PARELHEIROS; CENTRO/BAIRRO - NÃO INFORMADA; ALTURA DO NÚMERO 935
331;25/02/21;1;Santo Amaro;Inativo Transitável;15:50;16:26;AV. VITOR MANZINI; CENTRO/BAIRRO; R. ELÍAS ANTÔNIO ZOGBI
332;26/02/21;1;Sé;Inativo Transitável;15:09;16:25;AV. MERCURIO; UNICO - ESQUERDA; PC. S. VITO
333;26/02/21;1;Butantã;Inativo Transitável;17:20;19:16;AV. JULES RIMET; AMBOS; R. SERGIO PAULO FREDDI
334;26/02/21;1;Cidade Ademar;Inativo Transitável;17:15;21:22;AV. INTERLAGOS; CENTRO/BAIRRO; R ENG ALLYRIO HUGUENEY DE MATTOS
335;26/02/21;1;Cidade Ademar;Inativo Transitável;18:15;20:22;R. MIGUEL YUNES; MARGINAL/INTERLAGOS; AV. NSRA. DE. SABARA
336;26/02/21;1;Campo Limpo;Inativo Transitável;17:50;18:38;ES. DO CAMPO LIMPO; AMBOS; ES DOS MIRANDAS
337;26/02/21;1;M'Boi Mirim;Inativo Transitável;17:19;18:12;AV. MARIA COELHO AGUIAR; CENTRO/BAIRRO; PC ALCEU AMOROSO LIMA
338;26/02/21;1;Santo Amaro;Inativo Transitável;17:04;18:55;R. VERBO DIVINO; AMBOS; R. PIRES DE OLIVEIRA
339;26/02/21;1;Santo Amaro;Inativo Transitável;17:07;18:47;AV. STO AMARO; AMBOS; AV ROQUE PETRONI JUNIOR
340;26/02/21;1;Santo Amaro;Inativo Transitável;17:13;18:40;AV. VITOR MANZINI; AMBOS; R ELIAS ANTONIO ZOGBI
341;26/02/21;1;Santo Amaro;Inativo Transitável;17:25;18:45;AV. STO. AMARO; AMBOS; AV. ROQUE PETRONI JUNIOR
342;26/02/21;1;Santo Amaro;Inativo Transitável;17:31;19:25;AV. DAS NACOES UNIDAS; INTERLAGOS/CASTELO; PTE SANTO DIAS DA SILVA
343;27/02/21;1;Sé;Inativo Intransitável;15:22;16:27;AV. DO ESTADO (BOM RETIRO); SANTANA/IPIRANGA; R S CAETANO
344;27/02/21;1;Sé;Inativo Intransitável;15:27;15:46;TN. S JOAO PAULO II (REPUBLICA); SANTANA/AEROPORTO; ALTURA DO NÚMERO 1: ANHANGABAU
345;27/02/21;1;Sé;Inativo Intransitável;16:00;16:35;AV. DO. ESTADO; SANTANA/IPIRANGA; ALTURA DO NÚMERO 0: FEPASA
346;27/02/21;1;Mooca;Inativo Transitável;15:24;15:46;R. ORIENTE (BRAS); UNICO - ÚNICA; R BR DE LADARIO
347;27/02/21;1;Capela do Socorro;Inativo Transitável;15:18;15:47;AV. GUARAPIRANGA (JARDIM SAO LUIS); BAIRRO/CENTRO; ALTURA DO NÚMERO 752: SHOP FIESTA
348;27/02/21;1;Santo Amaro;Inativo Intransitável;14:54;15:48;AV. DAS NACOES UNIDAS (ALTO DE PINHEIROS); INTERLAGOS/CASTELO - ÚNICA; PTE SANTO DIAS DA SILVA
349;27/02/21;1;Santo Amaro;Inativo Transitável;14:59;17:09;AV. VITOR MANZINI (SANTO AMARO); AMBOS - ÚNICA; PC DOM FRANCISCO DE SOUSA
350;27/02/21;1;Santo Amaro;Inativo Intransitável;15:14;15:41;AV. VITOR MANZINI; AMBOS; R. ELIAS ANTONIO ZOGBI
351;27/02/21;1;Santo Amaro;Inativo Transitável;15:14;15:46;AV. DAS NACOES UNIDAS (ALTO DE PINHEIROS); INTERLAGOS/CASTELO; R JAIME DE OLIVEIRA SOUZA
352;28/02/21;1;Butantã;Inativo Intransitável;15:54;16:21;AV. PROF FRANCISCO MORATO (BUTANTA); BAIRRO/CENTRO; PC PAULA MOREIRA
353;28/02/21;1;Butantã;Inativo Intransitável;16:00;16:17;AV. PROF. FRANCISCO MORATO; BAIRRO/CENTRO; AV. DOS. TRES PODERES
354;28/02/21;1;Butantã;Inativo Intransitável;16:05;17:05;a 17:05PC. ALFREDO GOMES; UNICO; AV. JULES RIMET
355;28/02/21;1;Pinheiros;Inativo Transitável;16:23;20:05;AV. DAS NACOES UNIDAS (ALTO DE PINHEIROS); INTERLAGOS/CASTELO; R OLIVIA FEDER
356;28/02/21;1;Vila Mariana;Inativo Transitável;14:37;15:04;AV. IBIRAPUERA (MOEMA); BAIRRO/CENTRO; AV JAMARIS
357;01/03/21;1;Sé;Inativo Transitável;12:33;15:18;AV. MERCURIO; UNICO; PC. S. VITO
358;01/03/21;1;Pinheiros;Inativo Transitável;17:05;17:16;AV. STO AMARO; AMBOS; ALTURA DO NÚMERO 14: TRECHO STO AMARO ACESSO PRA ROBERTO MARINHO
359;01/03/21;1;Santo Amaro;Inativo Transitável;17:07;17:16;AV. JORN ROBERTO MARINHO; MARGINAL/AEROPORTO; ALTURA DO NÚMERO 0
360;01/03/21;1;Vila Mariana;Inativo Intransitável;17:00;17:16;AV. IBIRAPUERA; BAIRRO/CENTRO; ALTURA DO NÚMERO 0: TRECHO JAMARIS ATE JANDIRA
361;02/03/21;1;M'Boi Mirim;Inativo Transitável;17:34;17:45;R. JOAO ALFREDO; BAIRRO/CENTRO; AL. STO. AMARO
362;02/03/21;1;Santo Amaro;Inativo Transitável;16:45;17:30;AV. INTERLAGOS; AMBOS; AV. SERGENTO GERALDO SANTANA
363;02/03/21;1;Santo Amaro;Inativo Transitável;17:01;17:46;AV. VITOR MANZINI; AMBOS; R. ELIAS ANTONIO ZOGBI
364;02/03/21;1;Santo Amaro;Inativo Intransitável;17:09;17:46;AV. DAS NACOES UNIDAS (ALTO DE PINHEIROS); AMBOS; R JAIME DE OLIVEIRA SOUZA
365;03/03/21;1;Itaquera;Inativo Transitável;19:49;21:55;R. TOMAZZO FERRARA (ITAQUERA); UNICO; ALTURA DO NÚMERO 300
366;03/03/21;1;Santo Amaro;Inativo Transitável;18:26;18:45;AV. NSRA. DE. SABARA; BAIRRO/CENTRO; ALTURA DO NÚMERO 3661
367;06/03/21;1;Casa Verde;Inativo Transitável;18:43;19:42;R. NELSON FRANCISCO (LIMAO); AMBOS; AV NSRA DO O
368;06/03/21;1;Casa Verde;Inativo Transitável;18:47;20:02;AV. ANTONIO MUNHOZ BONILHA (LIMAO); AMBOS; AV NSRA DO O
369;06/03/21;1;Casa Verde;Inativo Intransitável;18:51;19:34;AV. ORDEM E PROGRESSO (BARRA FUNDA); AMBOS; R SAMARITA
370;06/03/21;1;Jaçanã/ Tremembé;Inativo Transitável;19:39;19:37;AV. EDU CHAVES; AMBOS; AV. SANATORIO
371;06/03/21;1;Santana;Inativo Transitável;06:35;06:43;R. DA. FIGUEIRA; UNICO; VD. MERCURIO
372;06/03/21;1;Butantã;Inativo Transitável;02:49;12:08;MARGINAL PINHEIROS; CASTELO/INTERLAGOS - EXPRESSA; PTE DO MORUMBI CAIO POMPEU DE TOLEDO
373;06/03/21;1;Lapa;Inativo Intransitável;18:35;18:57;R. JEROAQUARA (LAPA); AMBOS; R CORIOLANO
374;06/03/21;1;Pinheiros;Inativo Transitável;02:03;03:55;AV. STO. AMARO; AMBOS; AV. PROF. VICENTE RAO
375;06/03/21;1;Pinheiros;Inativo Transitável;02:24;06:47;R. OLIVIA FEDER (ITAIM BIBI); BAIRRO/CENTRO; AV DAS NACOES UNIDAS
376;06/03/21;1;Pinheiros;Inativo Transitável;02:36;04:03;VD. ENG. ANTONIO MOLITERNO; BAIRRO/CENTRO; ALTURA DO NÚMERO 0
377;06/03/21;1;Pinheiros;Inativo Transitável;19:10;20:16;AV. DAS. NACOES UNIDAS; INTERLAGOS/CASTELO - LOCAL; R. OLIVIA FEDER
378;06/03/21;1;Mooca;Inativo Transitável;04:52;10:09;AV. SALIM FARAH MALUF (AGUA RASA); V PRUDENTE/MARGINAL - EXPRESSA; R HERVAL
379;06/03/21;1;Santo Amaro;Inativo Transitável;06:55;08:37;R. JOAO ALFREDO; BAIRRO/CENTRO; AL. STO. AMARO
380;07/03/21;1;Casa Verde;Inativo Transitável;07:34;08:36;AV. ANTONIO MUNHOZ BONILHA; CENTRO/BAIRRO; ALTURA DO NÚMERO 80
381;07/03/21;1;Sé;Inativo Intransitável;12:14;12:29;R. PRES. BATISTA PEREIRA; UNICO; R. PRES. COSTA PINTO
382;07/03/21;1;Sé;Inativo Transitável;13:00;20:04;AV. MERCURIO; BAIRRO/CENTRO; PC. S. VITO
383;07/03/21;1;Sé;Inativo Transitável;14:35;22:08;MARGINAL TIETE ASCB CENTRAL; A SENNA/CASTELO B - ÚNICA; VD. DOMINGOS FRANCIULLI NETTO
384;07/03/21;1;Pinheiros;Inativo Transitável;12:17;15:32;MARGINAL PINHEIROS INTCB; INTERLAGOS/CASTELO - EXPRESSA; PTE. OCTAVIO FRIAS DE OLIVEIRA
385;07/03/21;1;Pinheiros;Inativo Transitável;12:17;14:02;AV. DRA RUTH CARDOSO (ALTO DE PINHEIROS); INTERLAGOS/CASTELO; R SUMIDOURO
386;07/03/21;1;Pinheiros;Inativo Transitável;12:24;13:43;AV. DAS NACOES UNIDAS (ALTO DE PINHEIROS); INTERLAGOS/CASTELO - LOCAL; R OLIVIA FEDER
387;07/03/21;1;Mooca;Inativo Intransitável;06:55;09:21;AV. SALIM FARAH MALUF; V PRUDENTE/MARGINAL - ESQUERDA; AV. CELSO GARCIA
388;07/03/21;1;Mooca;Inativo Transitável;07:58;15:07;:58 a 15:07AV. SALIM FARAH MALUF; V PRUDENTE/MARGINAL - ESQUERDA; AV. CELSO GARCIA
389;07/03/21;1;Mooca;Inativo Transitável;12:05;12:44;AV. ALCANTARA MACHADO; AMBOS - EXPRESSA; R. SILVA JARDIM
390;07/03/21;1;Vila Prudente;Inativo Transitável;15:28;15:38;AV. PROF LUIZ IGNACIO ANHAIA MELLO (SAO LUCAS); V PRUDENTE/SAPOPEMBA; ALTURA DO NÚMERO 4376
391;07/03/21;1;Vila Mariana;Inativo Transitável;12:22;13:19;AV. DR. RICARDO JAFET; S PAULO/SANTOS; R. MARY BAIDA SALEM
392;08/03/21;1;Perus;Inativo Intransitável;16:02;17:22;R. FIORELLI PECCICACCO; AMBOS; PÇA. INÁCIO DIAS
393;08/03/21;1;Perus;Inativo Intransitável;16:30;17:30;a 17:30R. BERNARDO JOSÉ DE LORENA; AMBOS; ALTURA DO NUMERO 44
394;09/03/21;1;Itaquera;Inativo Intransitável;18:52;19:09;AV. JOSE PINHEIRO BORGES; BAIRRO/CENTRO; VD. PREF. JOSE CARLOS DE F. FERRAZ
395;11/03/21;1;Casa Verde;Inativo Transitável;16:41;17:54;MARGINAL TIETE ASCB EXPRESSA (CASA VERDE); A SENNA/CASTELO B - EXPRESSA; PTE DA CASA VERDE-JORN.WALTER ABRAHAO
396;11/03/21;1;Casa Verde;Inativo Intransitável;16:52;16:57;AV. NSRA DO O (FREGUESIA DO O); AMBOS; AV ANTONIO MUNHOZ BONILHA
397;17/03/21;1;Pinheiros;Inativo Intransitável;20:03;22:20;:03 a 22:20AV. STO AMARO; BAIRRO/CENTRO; AV PROF VICENTE RAO
398;17/03/21;1;Pinheiros;Inativo Intransitável;20:05;22:21;AV. STO AMARO; BAIRRO/CENTRO; AV MORUMBI
399;17/03/21;1;Mooca;Inativo Transitável;20:27;20:47;R. SILVA JARDIM; CENTRO/BAIRRO; AV. ALCANTARA MACHADO
400;17/03/21;1;Mooca;Inativo Intransitável;20:34;20:48;AV. CELSO GARCIA; AMBOS; R. HIPODROMO
401;17/03/21;1;Mooca;Inativo Transitável;20:35;21:09;VD. DO GLICERIO (BRAS); LAPA/PENHA; ALTURA DO NÚMERO 1
402;17/03/21;1;Mooca;Inativo Transitável;20:38;21:07;AV. ALCANTARA MACHADO (BELEM); CENTRO/BAIRRO; R CARNEIRO LEAO
403;17/03/21;1;Mooca;Inativo Transitável;20:42;21:47;R. DOS TRILHOS (MOOCA); UNICO; R BRESSER
404;17/03/21;1;Mooca;Inativo Transitável;20:50;21:03;AV. CD. DE. FRONTIN; CENTRO/BAIRRO; R. CARLOS SILVA
405;17/03/21;1;Mooca;Inativo Intransitável;20:56;21:17;R. CARLOS SILVA; AMBOS; AV. CD. DE. FRONTIN
406;17/03/21;1;Santo Amaro;Inativo Transitável;19:54;22:22;:22AV. VITOR MANZINI; CENTRO/BAIRRO; R. ELIAS ANTONIO ZOGBI
407;17/03/21;1;Santo Amaro;Inativo Intransitável;19:56;20:37;AV. STO AMARO; CENTRO/BAIRRO; AV ROQUE PETRONI JUNIOR
408;17/03/21;1;Santo Amaro;Inativo Transitável;20:14;22:33;AV. ROQUE PETRONI JUNIOR; DIADEMA/MARGINAL; R CANCIONEIRO POPULAR
409;17/03/21;1;Santo Amaro;Inativo Transitável;20:16;22:33;AV. VITOR MANZINI; CENTRO/BAIRRO; R ELIAS ANTONIO ZOGBI
410;17/03/21;1;Santo Amaro;Inativo Transitável;21:57;23:17;AV. STO AMARO; CENTRO/BAIRRO; R IRINEU MARINHO
411;18/03/21;1;Jaçanã/ Tremembé;Inativo Intransitável;17:20;18:40;AV. CEL. SEZEFREDO FAGUNDES; BAIRRO/CENTRO; ALTURA DO NÚMERO 14233
412;18/03/21;1;Vila Maria/ Vila Guilherme;Inativo Transitável;08:35;14:11;MARGINAL TIETE ASCB EXPRESSA; A SENNA/CASTELO B; AV. EDUC. PAULO FREIRE
413;18/03/21;1;Sé;Inativo Transitável;06:41;06:51;VEL. PRES. JOAO GOULART; LAPA/PENHA; AL. GLETE
414;18/03/21;1;Sé;Inativo Transitável;06:41;06:50;VEL. PRES. JOAO GOULART; AMBOS; AV. PACAEMBU
415;18/03/21;1;Sé;Inativo Transitável;06:43;08:15;AV. MERCURIO; BAIRRO/CENTRO; PC. S. VITO
416;18/03/21;1;Sé;Inativo Transitável;14:47;18:38;AV. MERCURIO; BAIRRO/CENTRO - ESQUERDA; PC S VITO
417;18/03/21;1;Sé;Inativo Transitável;15:08;15:22;AV. MERCURIO; BAIRRO/CENTRO - ESQUERDA; PC. S. VITO
418;18/03/21;1;Pinheiros;Inativo Intransitável;18:40;19:25;AV. STO AMARO (CAMPO BELO); CENTRO/BAIRRO; AV PROF VICENTE RAO
419;18/03/21;1;Pinheiros;Inativo Intransitável;18:41;21:30;AV. DAS. NACOES UNIDAS; INTERLAGOS/CASTELO - LOCAL; R. OLIVIA FEDER
420;18/03/21;1;Pinheiros;Inativo Intransitável;18:46;19:03;AV. JORN ROBERTO MARINHO; MARGINAL/AEROPORTO; AV STO AMARO
421;18/03/21;1;Pinheiros;Inativo Transitável;19:01;21:30;MARGINAL PINHEIROS; INTERLAGOS/CASTELO - EXPRESSA; PTE ENG ARY TORRES
422;18/03/21;1;Santo Amaro;Inativo Transitável;08:12;09:05;R. JOAO ALFREDO; BAIRRO/CENTRO; AL. STO. AMARO
423;18/03/21;1;Santo Amaro;Inativo Transitável;18:34;20:05;AV. ROQUE PETRONI JUNIOR; CENTRO/BAIRRO; AV. STO. AMARO
424;18/03/21;1;Santo Amaro;Inativo Intransitável;18:43;20:20;:20AV. STO AMARO (CAMPO BELO); BAIRRO/CENTRO; AV ROQUE PETRONI JUNIOR
425;18/03/21;1;Ipiranga;Inativo Transitável;19:19;19:43;AV. DO ESTADO; IPIRANGA/SANTANA; AV TERESA CRISTINA
426;18/03/21;1;Vila Mariana;Inativo Intransitável;18:47;19:57;AV. VINTE E TRES DE MAIO; SANTANA/AEROPORTO; VD GAL EUCLIDES DE FIGUEIREDO
427;18/03/21;1;Vila Mariana;Inativo Intransitável;18:48;20:34;AV. VINTE E TRES DE MAIO; AEROPORTO/SANTANA; VD GAL EUCLIDES DE FIGUEIREDO
428;18/03/21;1;Vila Mariana;Inativo Intransitável;18:51;20:08;AV. IBIRAPUERA; CENTRO/BAIRRO; AV JAMARIS
429;18/03/21;1;Vila Mariana;Inativo Intransitável;18:56;19:09;AV. MOREIRA GUIMARAES; AMBOS; AV JUREMA
430;18/03/21;1;Vila Mariana;Inativo Intransitável;18:59;19:23;AV. IBIRAPUERA; BAIRRO/CENTRO; AV ARATAS
431;18/03/21;1;Vila Mariana;Inativo Intransitável;19:03;19:20;AV. RUBEM BERTA; AMBOS; AV JOSE MARIA WHITAKER
432;18/03/21;1;Vila Mariana;Inativo Intransitável;19:34;20:06;AV. ANTONIO J. DE MOURA ANDRADE; IBIRAPUERA/MARGINAL; R OLIVEIRA PIMENTEL
433;18/03/21;1;Vila Mariana;Inativo Intransitável;20:12;20:12;a 20:12AV. IBIRAPUERA; AMBOS; AV. ARATAS
434;19/03/21;1;Casa Verde;Inativo Transitável;14:27;15:00;AV. NSRA DO O (FREGUESIA DO O); AMBOS - ÚNICA; R DR FRANCISCO DE PAULA CANDIDO
435;19/03/21;1;Casa Verde;Inativo Intransitável;14:41;14:57;AV. ANTONIO MUNHOZ BONILHA (LIMAO); AMBOS - ÚNICA; AV NSRA DO O
436;19/03/21;1;Casa Verde;Inativo Intransitável;15:33;17:59;AV. NSRA. DO. O; AMBOS - ÚNICA; AV. ANTONIO MUNHOZ BONILHA
437;19/03/21;1;Casa Verde;Inativo Transitável;15:35;16:11;AV. ANTONIO MUNHOZ BONILHA; AMBOS; AV. NSRA. DO. O
438;19/03/21;1;Santana;Inativo Intransitável;16:06;16:01;R. COMEN. JOAQUIM MONTEIRO; AMBOS; ALTURA DO NÚMERO 48
439;19/03/21;1;Sé;Inativo Intransitável;08:32;11:57;AV. MERCURIO; UNICO - ESQUERDA; PC. S. VITO
440;19/03/21;1;Sé;Inativo Transitável;12:02;05:45;AV. MERCURIO; UNICO - ESQUERDA; PC. S. VITO
441;19/03/21;1;Sé;Inativo Transitável;14:44;14:57;VEL. PRES JOAO GOULART (BARRA FUNDA); AMBOS - ÚNICA; R TUPI
442;19/03/21;1;Sé;Inativo Transitável;15:28;20:47;AV. RIO BRANCO; BAIRRO/CENTRO - ÚNICA; R. GAL. OSORIO
443;19/03/21;1;Sé;Inativo Intransitável;15:30;16:27;AVENIDA 9 DE JULHO; BAIRRO/CENTRO; ALTURA DO N°200
444;19/03/21;1;Sé;Inativo Intransitável;15:31;17:42;R. MANOEL DUTRA (BELA VISTA); AMBOS - ÚNICA; PC QUATORZE BIS
445;19/03/21;1;Sé;Inativo Intransitável;15:31;18:22;VEL. PRES JOAO GOULART (BARRA FUNDA); AMBOS - ÚNICA; AV PACAEMBU
446;19/03/21;1;Sé;Inativo Intransitável;15:32;18:37;TN. S JOAO PAULO II (REPUBLICA); SANTANA/AEROPORTO - ÚNICA; ALTURA DO NÚMERO 1: EMB NORTE
447;19/03/21;1;Sé;Inativo Intransitável;15:39;18:22;VEL. PRES JOAO GOULART (BARRA FUNDA); AMBOS - ÚNICA; R ANA CINTRA
448;19/03/21;1;Sé;Inativo Intransitável;15:43;16:20;AV. PRES CASTELO BRANCO (BARRA FUNDA); CASTELO B/A SENNA - LOCAL; PTE DAS BANDEIRAS SEN ROMEU TUMA
449;19/03/21;1;Sé;Inativo Intransitável;15:44;16:28;PC. DA BANDEIRA (REPUBLICA), 15: SENTIDO SANT; BAIRRO/CENTRO - ÚNICA; AER/
450;19/03/21;1;Sé;Inativo Intransitável;16:02;17:28;R. TEIXEIRA LEITE (LIBERDADE); UNICO - ÚNICA; R S PAULO
451;19/03/21;1;Sé;Inativo Intransitável;16:09;17:33;R. ANA CINTRA (SANTA CECILIA); UNICO - ÚNICA; AV S JOAO
452;19/03/21;1;Sé;Inativo Intransitável;16:13;16:44;PC. DA BANDEIRA (REPUBLICA); AMBOS - ÚNICA; AV VINTE E TRES DE MAIO
453;19/03/21;1;Sé;Inativo Transitável;17:41;18:20;R. S. PAULO; AMBOS; R. TEIXEIRA LEITE
454;19/03/21;1;Sé;Inativo Transitável;18:17;18:42;AV. MERCURIO; UNICO; R. ASSUNCAO
455;19/03/21;1;Sé;Inativo Intransitável;18:24;18:38;AV. MERCURIO; BAIRRO/CENTRO; PC. S. VITO
456;19/03/21;1;Lapa;Inativo Transitável;14:38;14:59;PC. PASCOAL MARTINS (BARRA FUNDA); BAIRRO/CENTRO - ÚNICA; AV MARQ DE SAO VICENTE
457;19/03/21;1;Lapa;Inativo Intransitável;15:44;16:06;R. BR. DO. BANANAL; UNICO - ÚNICA; R. VENANCIO AIRES
458;19/03/21;1;Lapa;Inativo Intransitável;15:53;17:34;R. BR DO BANANAL (PERDIZES); UNICO - ÚNICA; R CLELIA
459;19/03/21;1;Ermelino Matarazzo;Inativo Intransitável;15:01;15:15;:01 a 15:15AV. CALIM EID; BAIRRO/CENTRO - ÚNICA; AV. AMADOR BUENO DA VEIGA
460;19/03/21;1;Ermelino Matarazzo;Inativo Transitável;15:10;15:20;AV. CALIM EID (ARTUR ALVIM); BAIRRO/CENTRO - ÚNICA; AV DOM HELDER CAMARA
461;19/03/21;1;Mooca;Inativo Transitável;16:16;17:17;:17AV. RANGEL PESTANA (BRAS); CENTRO/BAIRRO - ÚNICA; R HIPODROMO
462;22/03/21;1;Santo Amaro;Inativo Transitável;06:56;09:49;R. JOAO ALFREDO; BAIRRO/CENTRO; ALTURA DO N. 641: PRIORIDADE
463;24/03/21;1;Santo Amaro;Inativo Intransitável;01:30;01:33;R. LAGUNA (SANTO AMARO); BAIRRO/CENTRO; AV CECILIA LOTTENBERG
464;28/03/21;1;Itaquera;Inativo Intransitável;18:35;19:31;AV. JACU PESSEGO N TRABALHADORES (IGUATEMI ACESSO P; MAUÁ/A SENNA; AV SAO MIGUEL/
465;28/03/21;1;Penha;Inativo Transitável;17:54;19:47;AV. CD DE FRONTIN (CARRÃO); CENTRO/BAIRRO; VD ENG ALBERTO BADRA
466;28/03/21;1;Penha;Inativo Intransitável;17:56;18:11;AV. CD DE FRONTIN (CARRÃO); CENTRO/BAIRRO; VD CARLOS DE CAMPOS
467;28/03/21;1;Penha;Inativo Intransitável;19:20;21:16;AV. S. MIGUEL; AMBOS; AV. GOV. CARVALHO PINTO
468;29/03/21;1;Mooca;Inativo Intransitável;13:16;13:51;R. MELO FREIRE; BAIRRO/CENTRO; VD. PIRES DO RIO
469;29/03/21;1;Santo Amaro;Inativo Transitável;07:43;08:00;R. JOAO ALFREDO; BAIRRO/CENTRO; ALTURA DO N. 641
470;30/03/21;1;Santo Amaro;Inativo Transitável;00:23;02:00;:23 a 02:00R. JOAO ALFREDO; BAIRRO/CENTRO; AL. STO. AMARO
471;30/03/21;1;Santo Amaro;Inativo Transitável;07:09;07:23;R. JOAO ALFREDO; BAIRRO/CENTRO; ALTURA DO NÚMERO 641
472;06/04/21;1;Vila Maria/ Vila Guilherme;Inativo Transitável;18:59;19:04;AV. GUILHERME; AMBOS; R. S. QUIRINO
473;06/04/21;1;Vila Maria/ Vila Guilherme;Inativo Transitável;19:43;20:26;R. MARIA CANDIDA; UNICO; R. MANUEL DE ALMEIDA
474;06/04/21;1;Sé;Inativo Transitável;20:09;21:14;R. BARRA DO TIBAJI; AMBOS; R. ANHAIA
475;06/04/21;1;Pinheiros;Inativo Transitável;18:40;20:00;R. ESTADOS UNIDOS; UNICO; R. BELA CINTRA
476;06/04/21;1;Pinheiros;Inativo Transitável;21:27;22:05;AV. DAS NACOES UNIDAS; INTERLAGOS/CASTELO - LOCAL; R. OLIVIA FEDER
477;06/04/21;1;Mooca;Inativo Transitável;15:21;15:35;R. MELO FREIRE; BAIRRO/CENTRO; VD. PIRES DO RIO
478;06/04/21;1;Santo Amaro;Inativo Transitável;18:28;18:56;AV. DAS. NACOES UNIDAS; INTERLAGOS/CASTELO - PISTA EXPRESSA; R. JAIME DE OLIVEIRA SOUZA
479;17/04/21;1;Pinheiros;Inativo Intransitável;23:54;00:11;AV. DAS NAÇÕES UNIDAS (ALTO DE PINHEIROS); INTERLAGOS/CASTELO; PTE ENG ROBERTO ROSSI ZUCCOLO
480;17/04/21;1;Vila Mariana;Inativo Intransitável;23:58;00:25;AV. JOSÉ MARIA WHITAKER (MOEMA); AMBOS; VD ONZE DE JUNHO
481;18/04/21;1;Vila Maria/ Vila Guilherme;Inativo Transitável;04:21;04:29;AV. MORVAN DIAS DE FIGUEIREDO; A SENNA/CASTELO B - LOCAL; AV. GUILHERME
482;18/04/21;1;Sé;Inativo Transitável;00:39;04:47;AV. S. JOAO; BAIRRO/CENTRO; AL. GLETE
483;18/04/21;1;Butantã;Inativo Transitável;00:51;02:17;AV. DOS TAJURAS (MORUMBI); BAIRRO/CENTRO; PTE ENG ROBERTO ROSSI ZUCCOLO, 1
484;18/04/21;1;Pinheiros;Inativo Transitável;00:44;05:08;VD. SANTO AMARO; BAIRRO/CENTRO; ALTURA DO NÚMERO 13
485;18/04/21;1;Mooca;Inativo Transitável;07:48;08:01;VD. PIRES DO RIO; CENTRO/BAIRRO; RETORNOC PARA C/B
486;18/04/21;1;Vila Mariana;Inativo Transitável;00:13;01:03;AV. IBIRAPUERA (MOEMA); BAIRRO/CENTRO; AV JANDIRA
487;18/04/21;1;Vila Mariana;Inativo Transitável;00:31;01:12;AV. JAMARIS (MOEMA); UNICO; AV IBIRAPUERA
488;13/05/21;1;Lapa;Inativo Transitável;02:51;03:48;AV. DRA RUTH CARDOSO (ALTO DE PINHEIROS); INTERLAGOS/CASTELO - TRANSPOSIÇÃO EXP/LOCAL; ALTURA DO N. 1405
489;13/05/21;1;Lapa;Inativo Intransitável;03:48;04:55;MARGINAL PINHEIROS CBINT; CASTELO/INTERLAGOS - EXP; PTE. FERREA
490;13/05/21;1;Pinheiros;Inativo Intransitável;00:37;01:10;AV. DAS. NACOES UNIDAS; INTERLAGOS/CASTELO - LOCAL; R. OLIVIA FEDER
491;13/05/21;1;Pinheiros;Inativo Transitável;00:42;01:03;VD. ENG ANTONIO MOLITERNO (ITAIM BIBI); BAIRRO/CENTRO; AV JORN ROBERTO MARINHO
492;13/05/21;1;Pinheiros;Inativo Intransitável;00:53;01:33;VD. SANTO AMARO; C/B; AV. JORN. ROBERTO MARINHO
493;13/05/21;1;Santo Amaro;Inativo Transitável;09:35;10:52;R. JOAO ALFREDO; BAIRRO/CENTRO; PC. DOM. FRANCISCO DE SOUSA
494;23/05/21;1;Santo Amaro;Inativo Transitável;07:18;07:59;R. JOAO ALFREDO; BAIRRO/CENTRO; PC. DOM. FRANCISCO DE SOUSA
495;22/06/21;1;Santana;Ativo Transitável;06:46;N/A;a AV. ASSIS CHATEAUBRIAND; A SENNA/CASTELO B - LOCAL; PTE. DAS. BANDEIRAS SEN ROMEU TUMA
496;28/07/21;1;Santana;Inativo Transitável;12:15;13:08;R. DARZAN; UNICO; ALTURA DO NÚMERO 247
497;28/07/21;1;Santana;Inativo Transitável;12:18;13:16;AV. GAL. ATALIBA LEONEL; CENTRO/BAIRRO; ALTURA DO NÚMERO 656
498;28/07/21;1;Sé;Inativo Transitável;06:03;14:13;AV. MERCURIO; UNICO - NÃO INFORMADA; PC. S. VITO
499;28/07/21;1;Sé;Inativo Transitável;06:43;13:18;VEL. PRES. JOAO GOULART; AMBOS; AV. PACAEMBU
500;28/07/21;1;Sé;Inativo Transitável;07:10;12:48;AV. DO ESTADO (BOM RETIRO); IPIRANGA/SANTANA; ALTURA DO NÚMERO 3000: VD FEPASA
501;28/07/21;1;Sé;Inativo Transitável;08:23;12:53;R. CONS. BROTERO; UNICO; R. BARRA FUNDA
502;28/07/21;1;Sé;Inativo Transitável;08:25;12:39;AL. GLETE; UNICO; R. BR. DE. CAMPINAS
503;28/07/21;1;Sé;Inativo Transitável;11:41;13:35;AV. DO. ESTADO; IPIRANGA/SANTANA; LG. DO. PARI
504;28/07/21;1;Pinheiros;Inativo Transitável;01:22;04:42;AV. DAS. NACOES UNIDAS; CASTELO/INTERLAGOS - PISTA LOCAL; R. OLIVIA FEDER
505;28/07/21;1;Pinheiros;Inativo Transitável;02:47;03:03;:03AV. BRASIL; PINHEIROS/IBIRAPUERA; AV. NOVE DE JULHO
506;28/07/21;1;Pinheiros;Inativo Transitável;03:18;05:54;VD. ENG ANTONIO MOLITERNO (ITAIM BIBI); BAIRRO/CENTRO; ALTURA DO NÚMERO 0
507;28/07/21;1;Pinheiros;Inativo Transitável;06:11;06:26;AV. DAS. NACOES UNIDAS; INTERLAGOS/CASTELO - PISTA LOCAL; R. OLIVIA FEDER
508;28/08/21;1;Sé;Inativo Transitável;08:36;18:08;:36 a 18:08AV. DO ESTADO; IP/ST; PTE. FEPASA
509;28/08/21;1;Sé;Inativo Transitável;09:39;09:53;AV. 23 DE MAIO; ST/AER; PÇ. DA BANDEIRA
510;30/08/21;1;Sé;Inativo Transitável;08:49;23:08;:49 a 23:08AV. DO ESTADO; IP/ST; PTE. FEPASA
511;10/09/21;1;Santo Amaro;Inativo Transitável;05:53;16:52;AV. SANTO AMARO; B/C; RUA EDISON
512;16/09/21;1;Santo Amaro;Inativo Transitável;06:23;09:42;AV. DO ESTADO; IP/ST; PTE. FEPASA
513;03/10/21;1;Sé;Inativo Transitável;13:04;13:38;TV. S. JOAO PAULOII; SANTANA/AEROPORTO; ALTURA DO Nº 10
514;03/10/21;1;Sé;Inativo Transitável;13:13;13:41;AV. VINTE E TRÊS DE MAIO; SANTANA/AEROPORTO; ALTURA DO Nº 100
515;03/10/21;1;Sé;Inativo Transitável;13:40;18:47;AV. DO ESTADO; IPIRANGA/SANTANA; R. MAUA
516;03/10/21;1;Sé;Inativo Transitável;14:09;20:35;AV. MERCURIO; ÚNICO; PÇ. SÃO VITO
517;03/10/21;1;Itaquera;Inativo Transitável;16:33;23:50;AV. JOSÉ PINHEIROS BORGES; AMBOS; VD. PREF.JPSÉ CARLOS DE F. FERRAZ
518;11/10/21;1;Sé;Inativo Transitável;16:59;18:02;AV. RIO BRANCO; BAIRRO/CENTRO; RUA GAL. OSÓRIO
519;12/10/21;1;Butantã;Inativo Transitável;17:55;18:43;AV.ENG BILLINGS - MARG. PINHEIROS - LOCAL; CASTELO/INTERLAGOS; AV. DRACENA
520;12/10/21;1;Itaquera;Inativo Transitável;17:10;23:50;AV. JOSE PINHEIRO BORGES, 1000; AMBOS; AV. JACÚ PESSEGO N. TRABALHADORES
521;14/10/21;1;Sé;Inativo Transitável;18:41;19:30;AV. RIO BRANCO; BAIRRO/CENTRO; AV. DUQUE DE CAXIAS
522;14/10/21;1;Butantã;Inativo Transitável;18:54;19:28;AV. MAGALHAES DE CASTRO; CASTELO/INTERLAGOS; PTE. ENG ARY TORRES
523;14/10/21;1;Itaquera;Inativo Transitável;19:57;23:50;AV. JOSE PINHEIRO BORGES; BAIRRO/CENTRO; RUA PROF BRITO MACHADO
524;15/10/21;1;Sé;Inativo Transitável;18:42;18:58;VEL.PRES JOÃO GOULART; AMBOS; AV. PACAEMBU
525;15/10/21;1;Sé;Inativo Transitável;18:45;19:39;AV. SÃO JOÃO; BAIRRO/CENTRO; AL. GLETE
526;15/10/21;1;Sé;Inativo Transitável;18:48;19:06;AV. VINTE E TRES DE MAIO; SANTANA/AEROPORTO; PC. DA BANDEIRA
527;15/10/21;1;Sé;Inativo Transitável;18:51;22:52;AV. RIO BRANCO; BAIRRO/CENTRO; AV.DUQ DE CAXIAS
528;15/10/21;1;Sé;Inativo Transitável;19:02;01:44;AV. RIO BRANCO; BAIRRO/CENTRO; R.GAL OSORIO
529;15/10/21;1;Mooca;Inativo Transitável;09:59;10:14;R. GONCALVES DIAS; BAIRRO/CENTRO; R. CACHOEIRA
530;15/10/21;1;Santo Amaro;Inativo Transitável;23:43;02:42;AV.STO AMARO; CENTRO/BAIRRO; AV. ROQUE PETRONI JUNIOR
531;16/10/21;1;Cidade Ademar;Inativo Transitável;02:32;00:23;R. MIGUEL YUNES; MARGINAL/INTERLAGOS; AV.NSRA DO SABARA
532;18/10/21;1;Sé;Inativo Intransitável;11:00;12:27;VEL.PRES JOAO GOULART,; PENHA/LAPA; SOBRE AV PACAEMBU
533;18/10/21;1;M'Boi Mirim;Inativo Transitável;10:18;12:24;AV. GUARAPIRANGA; BAIRRO/CENTRO; ALTURA DO NÚMERO 1389
534;18/10/21;1;Santo Amaro;Inativo Transitável;07:28;13:29;VD. DOS BANDEIRANTES; BAIRRO/CENTRO; AV.VER JOSE DINIZ
535;24/10/21;1;Freguesia do Ó;Inativo Transitável;07:09;10:08;MARGINAL TIETE - PISTA EXPRESSA; A SENNA/C BRANCO; PTE. FREGUESIA DO O
536;24/10/21;1;Pinheiros;Inativo Transitável;07:03;20:00;VD.ENG ANTONIO MOLITERNO; BAIRRO/CENTRO; ALTURA DO NUMERO 100
537;24/10/21;1;Mooca;Inativo Transitável;08:20;09:21;MARGINAL TIETE - PISTA EXPRESSA; CASTELO B/A SENNA; PTE. CRUZEIRO DO SUL JORN ARY SILVA
538;24/10/21;1;Vila Mariana;Inativo Transitável;09:53;17:39;AV. IBIRAPUERA; BAIRRO/CENTRO; RUA IPE
539;01/11/21;1;Sé;Inativo Transitável;06:40;12:52;AV. RIO BRANCO; BAIRRO/CENTRO; ALTURA DO NUMERO 691
540;01/11/21;1;Sé;Inativo Transitável;06:45;12:53;AV. RIO BRANCO; BAIRRO/CENTRO; ALTURA DO NUMERO 547
541;01/11/21;1;Lapa;Inativo Transitável;06:50;09:29;R. JOAO TIBIRICA ALTURA DO NUMERO 100; AMBOS; R. MONTE PASCAL
542;01/11/21;1;Lapa;Inativo Transitável;07:28;09:29;R. JOAO TIBIRICA; BAIRRO/CENTRO; AV.EMB MACEDO SOARES
543;01/11/21;1;Lapa;Inativo Transitável;10:32;12:47;VD. POMPEIA MANOEL DE MELLO; MARGINAL/POMPEIA; R. JOSE BENEDITO BONELI
544;01/11/21;1;Itaquera;Inativo Transitável;07:27;11:17;AV. JOSE PINHEIRO BORGES; BAIRRO/CENTRO; R.PROF BRITO MACHADO
545;18/11/21;1;Santana;Inativo Transitável;18:54;19:51;AV. CRUZEIRO DO SUL; IPIRANGA/SANTANA; ALTURA DO N. 1800
546;18/11/21;1;Sé;Inativo Transitável;20:50;22:32;AV. RIO BRANCO; BAIRRO/CENTRO; R.GAL OSORIO
547;18/11/21;1;Butantã;Inativo Intransitável;19:06;19:18;AV.PROF FRANCISCO MORATO; AMBOS; PC. PAULA MOREIRA
548;18/11/21;1;Lapa;Inativo Transitável;21:12;23:59;AV.ENG BILLINGS; CASTELO/INTERLAGOS; AV. DRACENA
549;18/11/21;1;Pinheiros;Inativo Transitável;20:13;20:19;AV. MARGINAL PINHEIROS; INT/CAST. BRANCO; PTE. OCTAVIO FRIAS DE OLIVEIRA - APOS SAIDA DA PONTE ESTAIADA
550;18/11/21;1;Vila Mariana;Inativo Transitável;19:31;19:37;AV. VINTE E TRES DE MAIO; SANTANA/AEROPORTO; VD.GAL EUCLIDES DE FIGUEIREDO
551;18/11/21;1;Vila Mariana;Inativo Transitável;19:41;00:34;AV.DR RICARDO JAFET; S PAULO/SANTOS; R. SAIOA
552;19/11/21;1;Butantã;Inativo Transitável;02:58;05:14;AV.PROF FRANCISCO MORATO; BAIRRO/CENTRO; ALTURA DO NÚMERO 4367
553;19/11/21;1;Lapa;Inativo Transitável;00:08;00:37;AC. AV ENG BILLINGS; CENTRO-BAIRRO; R BARÃO DE ANTONINA
554;19/11/21;1;Pinheiros;Inativo Transitável;04:04;06:42;AV.STO AMARO; BAIRRO/CENTRO; VD.ENG ANTONIO MOLITERNO
555;19/11/21;1;Mooca;Inativo Transitável;02:23;03:11;R. BRESSER; CENTRO/BAIRRO; INICIO DO VIADUTO
556;19/11/21;1;M'Boi Mirim;Inativo Transitável;00:22;00:37;ES. M BOI MIRIM; BAIRRO/CENTRO; R. BELCHIOR FELIX
557;19/11/21;1;Santo Amaro;Inativo Transitável;02:31;08:43;AV. VITOR MANZINI; CENTRO/BAIRRO; R. ELIAS ANTONIO ZOGBI
558;19/11/21;1;Santo Amaro;Inativo Transitável;02:52;03:29;AV. MARGINAL PINHEIROS; INTERLAGOS/CASTELO; PTE ESTAIADA
559;30/11/21;1;Casa Verde;Inativo Transitável;19:01;20:00;AV.INAJAR DE SOUZA; AMBOS; ALT. N. 2357
560;30/11/21;1;Vila Maria/ Vila Guilherme;Inativo Transitável;19:35;20:50;R. MARIA CANDIDA; UNICO; R. MANUEL DE ALMEIDA
561;30/11/21;1;Cidade Ademar;Inativo Intransitável;17:10;17:50;AV.CUPECÊ; AMBOS; R. KURT EPPENSTEIN, ALT. N. 1846
562;30/11/21;1;Santo Amaro;Inativo Transitável;19:09;20:00;AV. STO AMARO; AMBOS; AV ROQUE PETRONI JUNIOR
563;07/12/21;1;Parelheiros;Inativo Intransitável;14:58;16:35;ESTRADA ECOTURISTICA DE PARELHEIROS; AMBOS; ALTURA DO N. 3090
564;12/12/21;1;Lapa;Inativo Transitável;16:29;16:41;AV.POMPÉIA; AMBOS; R. VENÂNCIO AIRES
565;12/12/21;1;Vila Prudente;Inativo Transitável;16:28;17:04;AV.LUÍS INÁCIO DE ANHAIA MELO; BAIRRO; R. FALCHI GIANINI
566;13/12/21;1;Mooca;Inativo Intransitável;14:44;17:21;RUA PRESIDENTE BATISTA; BAIRRO; AV. DO ESTADO
567;13/12/21;1;Penha;Inativo Intransitável;15:03;15:48;RUA DR. LUIZ AYRES; AMBOS; RUA MACIEL MONTEIRO
568;13/12/21;1;Sapopemba;Inativo Transitável;15:00;16:30;AV. SAPOPEMBA; BAIRRO; ESTRADA DO RIO CLARO
569;13/12/21;1;São Mateus;Inativo Transitável;14:13;15:14;:13 a 15:14AV. SÃO MIGUEL; BAIRRO; AV. DR. CUSTÓDIO DE LIMA
570;13/12/21;1;São Mateus;Inativo Transitável;15:14;16:31;RUA BERALDO MARCONDES; BAIRRO/CENTRO; RUA SALVADOR DE MEDEIROS
571;13/12/21;1;Vila Prudente;Inativo Intransitável;15:03;15:19;AV. PROF. LUIZ IGNACIO ANHAIA MELLO; SAPOPEMBA/VILA PRUDENTE; RUA CARLOS ROVERELI
572;13/12/21;1;Vila Prudente;Inativo Intransitável;15:23;15:47;AV. PROF. LUIZ IGNACIO ANHAIA MELLO; SAPOPEMBA/VILA PRUDENTE; RUA DA PRECE
573;13/12/21;1;Vila Prudente;Inativo Intransitável;16:51;17:27;AV. PROF. LUIZ IGNACIO ANHAIA MELLO; SAPOPEMBA/VILA PRUDENTE; RUA MIGUEL DE ARAUJO BARRETO
574;13/12/21;1;Vila Prudente;Inativo Intransitável;16:51;17:27;AV. PROF. LUIZ IGNACIO ANHAIA MELLO; SAPOPEMBA/VILA PRUDENTE; RUA DR. SANARELI
575;13/12/21;1;M'Boi Mirim;Inativo Transitável;15:26;20:40;RUA MIGUEL YUNES; MARGINAL/INTERLAGOS; NSRA DE SABARA
576;13/12/21;1;M'Boi Mirim;Inativo Transitável;15:26;16:28;AV. GUARAPIRANGA; BAIRRO/CENTRO; ALTURA DO 1389
577;13/12/21;1;Ipiranga;Inativo Transitável;15:11;15:15;:11 a 15:15RUA PRESIDENTE BATISTA PEREIRA; AMBOS; RUA PRESIDENTE COSTA PINTO
578;14/12/21;1;Sé;Inativo Intransitável;08:13;10:13;a 10:13VEL. PRES. JOÃO GOULART; LA/PE; ALTURA DO N. 1570
579;14/12/21;1;Pinheiros;Inativo Transitável;16:40;20:37;AV. MAGALHÃES DE CASTRO; CB/INTERLAGOS - EXP; PTE. ENG. ARY TORRES
580;14/12/21;1;Itaquera;Inativo Transitável;12:50;15:33;R. DR. LUIZ AYRES; C/B; R. CASTELO DO PIAUI
581;14/12/21;1;Itaquera;Inativo Transitável;13:04;15:33;R. SÃO TEODORO; UNICA; RUA TOME ALVARES DE CASTRO
582;14/12/21;1;Itaquera;Inativo Transitável;13:21;13:49;R. DR. LUIZ AYRES; AMBOS; R. MARIA EUGENIA CELSO
583;14/12/21;1;Itaquera;Inativo Intransitável;13:36;15:33;RUA TOMAZZO FERRARA; UNICA; AV. ITAQUERA
584;14/12/21;1;Itaquera;Inativo Intransitável;13:47;15:33;R. PE. VIEGAS DE MENEZES; AMBOS; R. DOIS DE DEZEMBRO
585;14/12/21;1;Itaquera;Inativo Intransitável;14:22;15:33;AV. ITAQUERA; AMBOS; R. HARRY DANNAMBERG
586;15/12/21;1;Freguesia do Ó;Inativo Transitável;17:19;22:06;AV. INAJAR DE SOUZA; FREGUESIA/LAPA; ALTURA DO N° 2315
587;15/12/21;1;Jaçanã/ Tremembé;Inativo Intransitável;17:04;17:37;AV. SANATÓRIO; AMBOS; AV. EDU CHAVES
588;15/12/21;1;Santana;Inativo Transitável;17:44;18:16;AV. CRUZEIRO DO SUL; SANTANA/IPIRANGA; AV ZAKI NARCHI
589;15/12/21;1;Santana;Inativo Transitável;18:08;22:06;AV ZAKI NARCHI; BAIRRO/CENTRO; AV MOYSÉS ROYSEN
590;15/12/21;1;Sé;Inativo Transitável;07:22;08:18;AV. SÃO JOÃO; AMBOS; AL. GLETE
591;15/12/21;1;Sé;Inativo Transitável;09:15;10:14;RUA AURORA; UNICA; NUMERO 678
592;15/12/21;1;Sé;Inativo Transitável;13:45;13:46;R. BR.DE JUNDIAI; ÚNICA; ALTURA DO N° 550
593;15/12/21;1;Penha;Inativo Transitável;12:09;12:21;RUA DR. LUIZ AIRES; CENTRO/BAIRRO; RUA MARIA EUGÊNIA CELSO
594;17/12/21;1;Jaçanã/ Tremembé;Inativo Intransitável;01:20;01:40;AV ANTONELLO DA MESSINA; AMBOS; ALTURA NUMERO 650
595;17/12/21;1;Perus;Inativo Intransitável;01:20;01:40;PC INÁCIO DIAS; AMBOS; R FRANCIS DE CASTEUNAL
596;28/12/21;1;Aricanduva/ Vila Formosa;Inativo Transitável;15:05;15:28;ARUA JOÃO JOSÉ RODRIGUES; AMBOS; RUA ASDRUBAL
597;28/12/21;1;Parelheiros;Inativo Transitável;14:33;15:29;ES. ECOTURISTICA DE PARELHEIROS; AMBOS; QALTURA DO N° 3090
598;28/12/21;1;Vila Mariana;Inativo Transitável;12:35;13:00;AV VINTE E TRÊS DE MAIO; SANTANA/AEROPORTO; PRAÇA DA BANDEIRA
599;30/12/21;1;Butantã;Inativo Transitável;17:10;21:54;AVENIDA VITAL BRASIL; BAIRRO/CENTRO; RUA CAMARGO
600;30/12/21;1;Butantã;Inativo Transitável;17:44;19:19;:19MARGINAL PINHEIROS; INTERLAGOS/CASTELO BRANCO; PONTE OCTAVIO FRIAS DE OLIVEIRA
601;30/12/21;1;Butantã;Inativo Transitável;18:33;21:28;AVENIDA PROF. FRANCISCO MORATO; AMBOS; ALTURA DO Nº4367
602;30/12/21;1;Butantã;Inativo Transitável;19:52;20:03;AVENIDA JULES RIMET; AMBOS; ALTURA DO Nº225
603;30/12/21;1;Lapa;Inativo Transitável;18:20;21:11;AVENIDA ENG. BILLINGS; CASTELO/INTERLAGOS; AVENIDA DRACENA
604;30/12/21;1;Lapa;Inativo Transitável;19:00;19:13;AVENIDA ENG. BILLINGS; CASTELO/INTERLAGOS; RUA BR. DE ANTONINA
605;30/12/21;1;M'Boi Mirim;Inativo Transitável;16:24;17:53;AVENIDA GUARAPIRANGA; BAIRRO/CENTRO; ALTURA DO N° 1471
606;30/12/21;1;Ipiranga;Inativo Transitável;16:29;17:53;AVENIDA DOUTOR RICARDO JAFET; SÃO PAULO/SANTOS; RUA VERGUEIRO
607;30/12/21;1;Vila Mariana;Inativo Transitável;17:56;01:38;VD PABL AUSTREGESILO DE ATHAYDE; BAIRRO/CENTRO; ALTURA DO 148
608;31/12/21;1;M'Boi Mirim;Inativo Transitável;13:38;13:58;AV GUARAPIRANGA; BAIRRO/CENTRO; ALTURA DO NUMERO 1470
609;31/12/21;1;Santo Amaro;Inativo Intransitável;15:39;16:40;AV DAS NAÇÕES UNIDAS; AMBOS; R JAIMEDE OLIVEIRA SOUZA
610;31/12/21;1;Santo Amaro;Inativo Intransitável;15:53;16:44;AV DAS NAÇÕES UNIDAS; AMBOS; AV OCTALLES MARCONDES FERREIRA
611;31/12/21;1;Santo Amaro;Inativo Transitável;16:34;17:53;R JOAO ALFREDO; BAIRRO/CENTRO; PC DOM FRANCISCO DE SOUSA
612;31/12/21;1;Vila Mariana;Inativo Transitável;13:33;13:49;AV VINTE E TRÊS DE MAIO; SANTANA/AEROPORTO; VD GAL EUCLIDES DE FIGUEIREDO
613;31/12/21;1;Vila Mariana;Inativo Transitável;13:42;14:06;AV DR RICARDO JAFET; S PAULO/SANTOS; VD SAIOA
614;31/12/21;1;Vila Mariana;Inativo Transitável;14:02;14:10;AV SANTO AMARO; BAIRRO/CENTRO; AV PROF VICENTE RAO
615;31/12/21;1;Vila Mariana;Inativo Transitável;15:37;13:58;AV VINTE E TRÊS DE MAIO; AEROPORTO/SANTANA; VD GAL EUCLIDES DE FIGUEIREDO